set_number,number,card,pack,rarity,is_foil
A1,001,Bulbasaur,Mewtwo,common,0
A1,002,Ivysaur,Mewtwo,uncommon,0
A1,003,Venusaur,Mewtwo,rare,0
A1,004,Venusaur ex,Mewtwo,double_rare,0
A1,005,Caterpie,Pikachu,common,0
A1,006,Metapod,Pikachu,common,0
A1,007,Butterfree,Pikachu,rare,0
A1,008,Weedle,Mewtwo,common,0
A1,009,Kakuna,Mewtwo,common,0
A1,010,Beedrill,Mewtwo,rare,0
A1,011,Oddish,Charizard,common,0
A1,012,Gloom,Charizard,uncommon,0
A1,013,Vileplume,Charizard,rare,0
A1,014,Paras,Pikachu,common,0
A1,015,Parasect,Pikachu,uncommon,0
A1,016,Venonat,Mewtwo,common,0
A1,017,Venomoth,Mewtwo,uncommon,0
A1,018,Bellsprout,Charizard,common,0
A1,019,Weepinbell,Charizard,uncommon,0
A1,020,Victreebel,Charizard,rare,0
A1,021,Exeggcute,Charizard,common,0
A1,022,Exeggutor,Charizard,rare,0
A1,023,Exeggutor ex,Charizard,double_rare,0
A1,024,Tangela,Charizard,common,0
A1,025,Scyther,Mewtwo,common,0
A1,026,Pinsir,Pikachu|Charizard|Mewtwo,uncommon,0
A1,027,Cottonee,Pikachu|Charizard|Mewtwo,common,0
A1,028,Whimsicott,Pikachu|Charizard|Mewtwo,uncommon,0
A1,029,Petilil,Pikachu|Charizard|Mewtwo,common,0
A1,030,Lilligant,Pikachu|Charizard|Mewtwo,uncommon,0
A1,031,Skiddo,Charizard,common,0
A1,032,Gogoat,Charizard,common,0
A1,033,Charmander,Charizard,common,0
A1,034,Charmeleon,Charizard,uncommon,0
A1,035,Charizard,Charizard,rare,0
A1,036,Charizard ex,Charizard,double_rare,0
A1,037,Vulpix,Charizard,common,0
A1,038,Ninetales,Charizard,uncommon,0
A1,039,Growlithe,Pikachu,common,0
A1,040,Arcanine,Pikachu,rare,0
A1,041,Arcanine ex,Pikachu,double_rare,0
A1,042,Ponyta,Pikachu|Charizard|Mewtwo,common,0
A1,043,Rapidash,Pikachu|Charizard|Mewtwo,uncommon,0
A1,044,Magmar,Charizard,common,0
A1,045,Flareon,Charizard,rare,0
A1,046,Moltres,Charizard,rare,0
A1,047,Moltres ex,Charizard,double_rare,0
A1,048,Heatmor,Pikachu|Charizard|Mewtwo,common,0
A1,049,Salandit,Mewtwo,common,0
A1,050,Salazzle,Mewtwo,common,0
A1,051,Sizzlipede,Pikachu|Charizard|Mewtwo,common,0
A1,052,Centiskorch,Pikachu|Charizard|Mewtwo,uncommon,0
A1,053,Squirtle,Pikachu,common,0
A1,054,Wartortle,Pikachu,uncommon,0
A1,055,Blastoise,Pikachu,rare,0
A1,056,Blastoise ex,Pikachu,double_rare,0
A1,057,Psyduck,Pikachu|Charizard|Mewtwo,common,0
A1,058,Golduck,Pikachu|Charizard|Mewtwo,uncommon,0
A1,059,Poliwag,Charizard,common,0
A1,060,Poliwhirl,Charizard,uncommon,0
A1,061,Poliwrath,Charizard,rare,0
A1,062,Tentacool,Mewtwo,common,0
A1,063,Tentacruel,Mewtwo,uncommon,0
A1,064,Seel,Pikachu,common,0
A1,065,Dewgong,Pikachu,uncommon,0
A1,066,Shellder,Mewtwo,common,0
A1,067,Cloyster,Mewtwo,uncommon,0
A1,068,Krabby,Mewtwo,common,0
A1,069,Kingler,Mewtwo,uncommon,0
A1,070,Horsea,Pikachu,common,0
A1,071,Seadra,Pikachu,uncommon,0
A1,072,Goldeen,Pikachu,common,0
A1,073,Seaking,Pikachu,common,0
A1,074,Staryu,Charizard,common,0
A1,075,Starmie,Charizard,uncommon,0
A1,076,Starmie ex,Charizard,double_rare,0
A1,077,Magikarp,Pikachu,common,0
A1,078,Gyarados,Pikachu,rare,0
A1,079,Lapras,Charizard,rare,0
A1,080,Vaporeon,Mewtwo,rare,0
A1,081,Omanyte,Pikachu,uncommon,0
A1,082,Omastar,Pikachu,rare,0
A1,083,Articuno,Mewtwo,rare,0
A1,084,Articuno ex,Mewtwo,double_rare,0
A1,085,Ducklett,Charizard,common,0
A1,086,Swanna,Charizard,uncommon,0
A1,087,Froakie,Charizard,common,0
A1,088,Frogadier,Charizard,uncommon,0
A1,089,Greninja,Charizard,rare,0
A1,090,Pyukumuku,Charizard,common,0
A1,091,Bruxish,Pikachu|Charizard|Mewtwo,uncommon,0
A1,092,Snom,Pikachu|Charizard|Mewtwo,common,0
A1,093,Frosmoth,Pikachu|Charizard|Mewtwo,uncommon,0
A1,094,Pikachu,Pikachu,common,0
A1,095,Raichu,Pikachu,rare,0
A1,096,Pikachu ex,Pikachu,double_rare,0
A1,097,Magnemite,Pikachu,common,0
A1,098,Magneton,Pikachu,rare,0
A1,099,Voltorb,Pikachu,common,0
A1,100,Electrode,Pikachu,uncommon,0
A1,101,Electabuzz,Pikachu,common,0
A1,102,Jolteon,Pikachu,rare,0
A1,103,Zapdos,Pikachu,rare,0
A1,104,Zapdos ex,Pikachu,double_rare,0
A1,105,Blitzle,Pikachu|Charizard|Mewtwo,common,0
A1,106,Zebstrika,Pikachu|Charizard|Mewtwo,uncommon,0
A1,107,Tynamo,Mewtwo,common,0
A1,108,Eelektrik,Mewtwo,uncommon,0
A1,109,Eelektross,Mewtwo,rare,0
A1,110,Helioptile,Pikachu|Charizard|Mewtwo,common,0
A1,111,Heliolisk,Pikachu|Charizard|Mewtwo,common,0
A1,112,Pincurchin,Pikachu|Charizard|Mewtwo,uncommon,0
A1,113,Clefairy,Pikachu,common,0
A1,114,Clefable,Pikachu,uncommon,0
A1,115,Abra,Charizard,common,0
A1,116,Kadabra,Charizard,uncommon,0
A1,117,Alakazam,Charizard,rare,0
A1,118,Slowpoke,Pikachu|Charizard|Mewtwo,common,0
A1,119,Slowbro,Pikachu|Charizard|Mewtwo,uncommon,0
A1,120,Gastly,Mewtwo,common,0
A1,121,Haunter,Mewtwo,uncommon,0
A1,122,Gengar,Mewtwo,rare,0
A1,123,Gengar ex,Mewtwo,double_rare,0
A1,124,Drowzee,Pikachu,common,0
A1,125,Hypno,Pikachu,rare,0
A1,126,Mr. Mime,Mewtwo,uncommon,0
A1,127,Jynx,Mewtwo,common,0
A1,128,Mewtwo,Mewtwo,rare,0
A1,129,Mewtwo ex,Mewtwo,double_rare,0
A1,130,Ralts,Mewtwo,common,0
A1,131,Kirlia,Mewtwo,uncommon,0
A1,132,Gardevoir,Mewtwo,rare,0
A1,133,Woobat,Pikachu|Charizard|Mewtwo,common,0
A1,134,Swoobat,Pikachu|Charizard|Mewtwo,common,0
A1,135,Golett,Pikachu|Charizard|Mewtwo,common,0
A1,136,Golurk,Pikachu|Charizard|Mewtwo,uncommon,0
A1,137,Sandshrew,Pikachu|Charizard|Mewtwo,common,0
A1,138,Sandslash,Pikachu|Charizard|Mewtwo,uncommon,0
A1,139,Diglett,Pikachu,common,0
A1,140,Dugtrio,Pikachu,uncommon,0
A1,141,Mankey,Charizard,common,0
A1,142,Primeape,Charizard,uncommon,0
A1,143,Machop,Charizard,common,0
A1,144,Machoke,Charizard,uncommon,0
A1,145,Machamp,Charizard,rare,0
A1,146,Machamp ex,Charizard,double_rare,0
A1,147,Geodude,Pikachu,common,0
A1,148,Graveler,Pikachu,uncommon,0
A1,149,Golem,Pikachu,rare,0
A1,150,Onix,Pikachu,uncommon,0
A1,151,Cubone,Mewtwo,common,0
A1,152,Marowak,Mewtwo,uncommon,0
A1,153,Marowak ex,Mewtwo,double_rare,0
A1,154,Hitmonlee,Mewtwo,common,0
A1,155,Hitmonchan,Charizard,common,0
A1,156,Rhyhorn,Mewtwo,common,0
A1,157,Rhydon,Mewtwo,uncommon,0
A1,158,Kabuto,Charizard,uncommon,0
A1,159,Kabutops,Charizard,rare,0
A1,160,Mienfoo,Pikachu,common,0
A1,161,Mienshao,Pikachu,uncommon,0
A1,162,Clobbopus,Pikachu|Charizard|Mewtwo,common,0
A1,163,Grapploct,Pikachu|Charizard|Mewtwo,uncommon,0
A1,164,Ekans,Pikachu|Charizard|Mewtwo,common,0
A1,165,Arbok,Pikachu|Charizard|Mewtwo,uncommon,0
A1,166,Nidoran♀,Pikachu,common,0
A1,167,Nidorina,Pikachu,uncommon,0
A1,168,Nidoqueen,Pikachu,rare,0
A1,169,Nidoran♂,Pikachu,common,0
A1,170,Nidorino,Pikachu,uncommon,0
A1,171,Nidoking,Pikachu,rare,0
A1,172,Zubat,Mewtwo,common,0
A1,173,Golbat,Mewtwo,uncommon,0
A1,174,Grimer,Mewtwo,common,0
A1,175,Muk,Mewtwo,rare,0
A1,176,Koffing,Mewtwo,common,0
A1,177,Weezing,Mewtwo,rare,0
A1,178,Mawile,Charizard,common,0
A1,179,Pawniard,Pikachu|Charizard|Mewtwo,common,0
A1,180,Bisharp,Pikachu|Charizard|Mewtwo,uncommon,0
A1,181,Meltan,Charizard,common,0
A1,182,Melmetal,Charizard,rare,0
A1,183,Dratini,Mewtwo,common,0
A1,184,Dragonair,Mewtwo,uncommon,0
A1,185,Dragonite,Mewtwo,rare,0
A1,186,Pidgey,Mewtwo,common,0
A1,187,Pidgeotto,Mewtwo,common,0
A1,188,Pidgeot,Mewtwo,rare,0
A1,189,Rattata,Pikachu|Charizard|Mewtwo,common,0
A1,190,Raticate,Pikachu|Charizard|Mewtwo,common,0
A1,191,Spearow,Charizard,common,0
A1,192,Fearow,Charizard,common,0
A1,193,Jigglypuff,Pikachu,common,0
A1,194,Wigglytuff,Pikachu,common,0
A1,195,Wigglytuff ex,Pikachu,double_rare,0
A1,196,Meowth,Charizard,common,0
A1,197,Persian,Charizard,uncommon,0
A1,198,Farfetch'd,Pikachu|Charizard|Mewtwo,common,0
A1,199,Doduo,Pikachu|Charizard|Mewtwo,common,0
A1,200,Dodrio,Pikachu|Charizard|Mewtwo,uncommon,0
A1,201,Lickitung,Mewtwo,uncommon,0
A1,202,Chansey,Pikachu,uncommon,0
A1,203,Kangaskhan,Charizard,rare,0
A1,204,Tauros,Charizard,uncommon,0
A1,205,Ditto,Mewtwo,rare,0
A1,206,Eevee,Charizard,common,0
A1,207,Eevee,Mewtwo,common,0
A1,208,Eevee,Pikachu,common,0
A1,209,Porygon,Mewtwo,uncommon,0
A1,210,Aerodactyl,Mewtwo,rare,0
A1,211,Snorlax,Pikachu,rare,0
A1,212,Minccino,Pikachu|Charizard|Mewtwo,common,0
A1,213,Cinccino,Pikachu|Charizard|Mewtwo,uncommon,0
A1,214,Wooloo,Pikachu|Charizard|Mewtwo,common,0
A1,215,Dubwool,Pikachu|Charizard|Mewtwo,common,0
A1,216,Helix Fossil,Pikachu,common,0
A1,217,Dome Fossil,Charizard,common,0
A1,218,Old Amber,Mewtwo,common,0
A1,219,Erika,Charizard,uncommon,0
A1,220,Misty,Pikachu,uncommon,0
A1,221,Blaine,Charizard,uncommon,0
A1,222,Koga,Mewtwo,uncommon,0
A1,223,Giovanni,Mewtwo,uncommon,0
A1,224,Brock,Pikachu,uncommon,0
A1,225,Sabrina,Charizard,uncommon,0
A1,226,Lt. Surge,Pikachu,uncommon,0
A1,227,Bulbasaur,Mewtwo,illustration_rare,0
A1,228,Gloom,Charizard,illustration_rare,0
A1,229,Pinsir,Charizard,illustration_rare,0
A1,230,Charmander,Charizard,illustration_rare,0
A1,231,Rapidash,Charizard,illustration_rare,0
A1,232,Squirtle,Pikachu,illustration_rare,0
A1,233,Gyarados,Pikachu,illustration_rare,0
A1,234,Lapras,Charizard,illustration_rare,0
A1,235,Electrode,Pikachu,illustration_rare,0
A1,236,Alakazam,Charizard,illustration_rare,0
A1,237,Slowpoke,Charizard,illustration_rare,0
A1,238,Diglett,Pikachu,illustration_rare,0
A1,239,Cubone,Mewtwo,illustration_rare,0
A1,240,Nidoqueen,Pikachu,illustration_rare,0
A1,241,Nidoking,Pikachu,illustration_rare,0
A1,242,Golbat,Mewtwo,illustration_rare,0
A1,243,Weezing,Mewtwo,illustration_rare,0
A1,244,Dragonite,Mewtwo,illustration_rare,0
A1,245,Pidgeot,Mewtwo,illustration_rare,0
A1,246,Meowth,Charizard,illustration_rare,0
A1,247,Ditto,Mewtwo,illustration_rare,0
A1,248,Eevee,Pikachu,illustration_rare,0
A1,249,Porygon,Mewtwo,illustration_rare,0
A1,250,Snorlax,Pikachu,illustration_rare,0
A1,251,Venusaur ex,Mewtwo,special_art,0
A1,252,Exeggutor ex,Charizard,special_art,0
A1,253,Charizard ex,Charizard,special_art,0
A1,254,Arcanine ex,Pikachu,special_art,0
A1,255,Moltres ex,Charizard,special_art,0
A1,256,Blastoise ex,Pikachu,special_art,0
A1,257,Starmie ex,Charizard,special_art,0
A1,258,Articuno ex,Mewtwo,special_art,0
A1,259,Pikachu ex,Pikachu,special_art,0
A1,260,Zapdos ex,Pikachu,special_art,0
A1,261,Gengar ex,Mewtwo,special_art,0
A1,262,Mewtwo ex,Mewtwo,special_art,0
A1,263,Machamp ex,Charizard,special_art,0
A1,264,Marowak ex,Mewtwo,special_art,0
A1,265,Wigglytuff ex,Pikachu,special_art,0
A1,266,Erika,Charizard,special_art,0
A1,267,Misty,Pikachu,special_art,0
A1,268,Blaine,Charizard,special_art,0
A1,269,Koga,Mewtwo,special_art,0
A1,270,Giovanni,Mewtwo,special_art,0
A1,271,Brock,Pikachu,special_art,0
A1,272,Sabrina,Charizard,special_art,0
A1,273,Lt. Surge,Pikachu,special_art,0
A1,274,Moltres ex,Charizard,special_art,0
A1,275,Articuno ex,Mewtwo,special_art,0
A1,276,Zapdos ex,Pikachu,special_art,0
A1,277,Gengar ex,Mewtwo,special_art,0
A1,278,Machamp ex,Charizard,special_art,0
A1,279,Wigglytuff ex,Pikachu,special_art,0
A1,280,Charizard ex,Charizard,immersive_rare,0
A1,281,Pikachu ex,Pikachu,immersive_rare,0
A1,282,Mewtwo ex,Mewtwo,immersive_rare,0
A1,283,Mew,Pikachu|Charizard|Mewtwo,immersive_rare,0
A1,284,Charizard ex,Pikachu|Charizard|Mewtwo,crown_rare,0
A1,285,Pikachu ex,Pikachu|Charizard|Mewtwo,crown_rare,0
A1,286,Mewtwo ex,Pikachu|Charizard|Mewtwo,crown_rare,0
A1a,001,Exeggcute,Mew,common,0
A1a,002,Exeggutor,Mew,uncommon,0
A1a,003,Celebi ex,Mew,double_rare,0
A1a,004,Snivy,Mew,common,0
A1a,005,Servine,Mew,uncommon,0
A1a,006,Serperior,Mew,rare,0
A1a,007,Morelull,Mew,common,0
A1a,008,Shiinotic,Mew,uncommon,0
A1a,009,Dhelmise,Mew,uncommon,0
A1a,010,Ponyta,Mew,common,0
A1a,011,Rapidash,Mew,uncommon,0
A1a,012,Magmar,Mew,uncommon,0
A1a,013,Larvesta,Mew,common,0
A1a,014,Volcarona,Mew,rare,0
A1a,015,Salandit,Mew,common,0
A1a,016,Salazzle,Mew,common,0
A1a,017,Magikarp,Mew,common,0
A1a,018,Gyarados ex,Mew,double_rare,0
A1a,019,Vaporeon,Mew,rare,0
A1a,020,Finneon,Mew,common,0
A1a,021,Lumineon,Mew,uncommon,0
A1a,022,Chewtle,Mew,common,0
A1a,023,Drednaw,Mew,uncommon,0
A1a,024,Cramorant,Mew,common,0
A1a,025,Pikachu,Mew,common,0
A1a,026,Raichu,Mew,rare,0
A1a,027,Electabuzz,Mew,uncommon,0
A1a,028,Joltik,Mew,common,0
A1a,029,Galvantula,Mew,uncommon,0
A1a,030,Dedenne,Mew,common,0
A1a,031,Mew,Mew,rare,0
A1a,032,Mew ex,Mew,double_rare,0
A1a,033,Sigilyph,Mew,uncommon,0
A1a,034,Elgyem,Mew,common,0
A1a,035,Beheeyem,Mew,uncommon,0
A1a,036,Flabébé,Mew,common,0
A1a,037,Floette,Mew,common,0
A1a,038,Florges,Mew,uncommon,0
A1a,039,Swirlix,Mew,common,0
A1a,040,Slurpuff,Mew,common,0
A1a,041,Mankey,Mew,common,0
A1a,042,Primeape,Mew,common,0
A1a,043,Geodude,Mew,common,0
A1a,044,Graveler,Mew,uncommon,0
A1a,045,Golem,Mew,rare,0
A1a,046,Aerodactyl ex,Mew,double_rare,0
A1a,047,Marshadow,Mew,rare,0
A1a,048,Stonjourner,Mew,uncommon,0
A1a,049,Koffing,Mew,common,0
A1a,050,Weezing,Mew,uncommon,0
A1a,051,Purrloin,Mew,common,0
A1a,052,Liepard,Mew,common,0
A1a,053,Venipede,Mew,common,0
A1a,054,Whirlipede,Mew,common,0
A1a,055,Scolipede,Mew,uncommon,0
A1a,056,Druddigon,Mew,uncommon,0
A1a,057,Pidgey,Mew,common,0
A1a,058,Pidgeotto,Mew,common,0
A1a,059,Pidgeot ex,Mew,double_rare,0
A1a,060,Tauros,Mew,rare,0
A1a,061,Eevee,Mew,common,0
A1a,062,Chatot,Mew,common,0
A1a,063,Old Amber,Mew,common,0
A1a,064,Pokémon Flute,Mew,uncommon,0
A1a,065,Mythical Slab,Mew,uncommon,0
A1a,066,Budding Expeditioner,Mew,uncommon,0
A1a,067,Blue,Mew,uncommon,0
A1a,068,Leaf,Mew,uncommon,0
A1a,069,Exeggutor,Mew,illustration_rare,0
A1a,070,Serperior,Mew,illustration_rare,0
A1a,071,Salandit,Mew,illustration_rare,0
A1a,072,Vaporeon,Mew,illustration_rare,0
A1a,073,Dedenne,Mew,illustration_rare,0
A1a,074,Marshadow,Mew,illustration_rare,0
A1a,075,Celebi ex,Mew,special_art,0
A1a,076,Gyarados ex,Mew,special_art,0
A1a,077,Mew ex,Mew,special_art,0
A1a,078,Aerodactyl ex,Mew,special_art,0
A1a,079,Pidgeot ex,Mew,special_art,0
A1a,080,Budding Expeditioner,Mew,special_art,0
A1a,081,Blue,Mew,special_art,0
A1a,082,Leaf,Mew,special_art,0
A1a,083,Mew ex,Mew,special_art,0
A1a,084,Aerodactyl ex,Mew,special_art,0
A1a,085,Celebi ex,Mew,immersive_rare,0
A1a,086,Mew ex,Mew,crown_rare,0
A2,001,Oddish,Dialga|Palkia,common,0
A2,002,Gloom,Dialga|Palkia,common,0
A2,003,Bellossom,Dialga|Palkia,uncommon,0
A2,004,Tangela,Dialga,common,0
A2,005,Tangrowth,Dialga,uncommon,0
A2,006,Yanma,Dialga,common,0
A2,007,Yanmega ex,Dialga,double_rare,0
A2,008,Roselia,Dialga|Palkia,common,0
A2,009,Roserade,Dialga|Palkia,uncommon,0
A2,010,Turtwig,Palkia,common,0
A2,011,Grotle,Palkia,uncommon,0
A2,012,Torterra,Palkia,rare,0
A2,013,Kricketot,Palkia,common,0
A2,014,Kricketune,Palkia,common,0
A2,015,Burmy,Dialga|Palkia,common,0
A2,016,Wormadam,Dialga|Palkia,common,0
A2,017,Combee,Dialga,common,0
A2,018,Vespiquen,Dialga,uncommon,0
A2,019,Carnivine,Palkia,uncommon,0
A2,020,Leafeon,Dialga,rare,0
A2,021,Mow Rotom,Dialga|Palkia,common,0
A2,022,Shaymin,Dialga,rare,0
A2,023,Magmar,Palkia,common,0
A2,024,Magmortar,Palkia,rare,0
A2,025,Slugma,Dialga|Palkia,common,0
A2,026,Magcargo,Dialga|Palkia,uncommon,0
A2,027,Chimchar,Palkia,common,0
A2,028,Monferno,Palkia,uncommon,0
A2,029,Infernape ex,Palkia,double_rare,0
A2,030,Heat Rotom,Dialga|Palkia,common,0
A2,031,Swinub,Dialga,common,0
A2,032,Piloswine,Dialga,uncommon,0
A2,033,Mamoswine,Dialga,rare,0
A2,034,Regice,Palkia,uncommon,0
A2,035,Piplup,Palkia,common,0
A2,036,Prinplup,Palkia,uncommon,0
A2,037,Empoleon,Palkia,rare,0
A2,038,Buizel,Dialga|Palkia,common,0
A2,039,Floatzel,Dialga|Palkia,uncommon,0
A2,040,Shellos,Palkia,common,0
A2,041,Gastrodon,Palkia,uncommon,0
A2,042,Finneon,Dialga|Palkia,common,0
A2,043,Lumineon,Dialga|Palkia,uncommon,0
A2,044,Snover,Dialga|Palkia,common,0
A2,045,Abomasnow,Dialga|Palkia,uncommon,0
A2,046,Glaceon,Palkia,rare,0
A2,047,Wash Rotom,Dialga|Palkia,common,0
A2,048,Frost Rotom,Dialga|Palkia,common,0
A2,049,Palkia ex,Palkia,double_rare,0
A2,050,Manaphy,Palkia,uncommon,0
A2,051,Magnemite,Dialga|Palkia,common,0
A2,052,Magneton,Dialga|Palkia,uncommon,0
A2,053,Magnezone,Dialga|Palkia,rare,0
A2,054,Voltorb,Dialga|Palkia,common,0
A2,055,Electrode,Dialga|Palkia,uncommon,0
A2,056,Electabuzz,Dialga,common,0
A2,057,Electivire,Dialga,rare,0
A2,058,Shinx,Dialga,common,0
A2,059,Luxio,Dialga,uncommon,0
A2,060,Luxray,Dialga,rare,0
A2,061,Pachirisu ex,Dialga,double_rare,0
A2,062,Rotom,Palkia,common,0
A2,063,Togepi,Dialga|Palkia,common,0
A2,064,Togetic,Dialga|Palkia,uncommon,0
A2,065,Togekiss,Dialga|Palkia,rare,0
A2,066,Misdreavus,Palkia,common,0
A2,067,Mismagius ex,Palkia,double_rare,0
A2,068,Ralts,Dialga,common,0
A2,069,Kirlia,Dialga,common,0
A2,070,Duskull,Dialga,common,0
A2,071,Dusclops,Dialga,uncommon,0
A2,072,Dusknoir,Dialga,rare,0
A2,073,Drifloon,Dialga,common,0
A2,074,Drifblim,Dialga,uncommon,0
A2,075,Uxie,Dialga|Palkia,uncommon,0
A2,076,Mesprit,Dialga|Palkia,rare,0
A2,077,Azelf,Dialga|Palkia,uncommon,0
A2,078,Giratina,Palkia,rare,0
A2,079,Cresselia,Palkia,rare,0
A2,080,Rhyhorn,Palkia,common,0
A2,081,Rhydon,Palkia,uncommon,0
A2,082,Rhyperior,Palkia,rare,0
A2,083,Gligar,Dialga,common,0
A2,084,Gliscor,Dialga,uncommon,0
A2,085,Hitmontop,Dialga,common,0
A2,086,Nosepass,Dialga|Palkia,common,0
A2,087,Regirock,Dialga|Palkia,uncommon,0
A2,088,Cranidos,Dialga,uncommon,0
A2,089,Rampardos,Dialga,rare,0
A2,090,Wormadam,Dialga,common,0
A2,091,Riolu,Dialga,common,0
A2,092,Lucario,Dialga,rare,0
A2,093,Hippopotas,Palkia,common,0
A2,094,Hippowdon,Palkia,uncommon,0
A2,095,Gallade ex,Dialga,double_rare,0
A2,096,Murkrow,Dialga,common,0
A2,097,Honchkrow,Dialga,uncommon,0
A2,098,Sneasel,Palkia,common,0
A2,099,Weavile ex,Palkia,double_rare,0
A2,100,Poochyena,Dialga|Palkia,common,0
A2,101,Mightyena,Dialga|Palkia,uncommon,0
A2,102,Stunky,Dialga,common,0
A2,103,Skuntank,Dialga,uncommon,0
A2,104,Spiritomb,Palkia,uncommon,0
A2,105,Skorupi,Dialga|Palkia,common,0
A2,106,Drapion,Dialga|Palkia,uncommon,0
A2,107,Croagunk,Dialga,common,0
A2,108,Toxicroak,Dialga,uncommon,0
A2,109,Darkrai,Dialga,rare,0
A2,110,Darkrai ex,Dialga,double_rare,0
A2,111,Skarmory,Dialga|Palkia,uncommon,0
A2,112,Registeel,Dialga,uncommon,0
A2,113,Shieldon,Palkia,uncommon,0
A2,114,Bastiodon,Palkia,rare,0
A2,115,Wormadam,Palkia,common,0
A2,116,Bronzor,Dialga,common,0
A2,117,Bronzong,Dialga,uncommon,0
A2,118,Probopass,Dialga|Palkia,uncommon,0
A2,119,Dialga ex,Dialga,double_rare,0
A2,120,Heatran,Dialga,rare,0
A2,121,Gible,Palkia,common,0
A2,122,Gabite,Palkia,uncommon,0
A2,123,Garchomp,Palkia,rare,0
A2,124,Lickitung,Palkia,common,0
A2,125,Lickilicky ex,Palkia,double_rare,0
A2,126,Eevee,Dialga|Palkia,common,0
A2,127,Porygon,Palkia,common,0
A2,128,Porygon2,Palkia,uncommon,0
A2,129,Porygon-Z,Palkia,rare,0
A2,130,Aipom,Dialga|Palkia,common,0
A2,131,Ambipom,Dialga|Palkia,common,0
A2,132,Starly,Palkia,common,0
A2,133,Staravia,Palkia,common,0
A2,134,Staraptor,Palkia,uncommon,0
A2,135,Bidoof,Dialga,common,0
A2,136,Bibarel,Dialga,common,0
A2,137,Buneary,Dialga,common,0
A2,138,Lopunny,Dialga,common,0
A2,139,Glameow,Palkia,common,0
A2,140,Purugly,Palkia,uncommon,0
A2,141,Chatot,Palkia,common,0
A2,142,Fan Rotom,Dialga|Palkia,common,0
A2,143,Regigigas,Dialga|Palkia,rare,0
A2,144,Skull Fossil,Dialga,common,0
A2,145,Armor Fossil,Palkia,common,0
A2,146,Pokémon Communication,Dialga,uncommon,0
A2,147,Giant Cape,Dialga,uncommon,0
A2,148,Rocky Helmet,Palkia,uncommon,0
A2,149,Lum Berry,Palkia,uncommon,0
A2,150,Cyrus,Palkia,uncommon,0
A2,151,Team Galactic Grunt,Dialga,uncommon,0
A2,152,Cynthia,Palkia,uncommon,0
A2,153,Volkner,Dialga,uncommon,0
A2,154,Dawn,Dialga,uncommon,0
A2,155,Mars,Palkia,uncommon,0
A2,156,Tangrowth,Dialga,illustration_rare,0
A2,157,Combee,Dialga,illustration_rare,0
A2,158,Carnivine,Palkia,illustration_rare,0
A2,159,Shaymin,Dialga,illustration_rare,0
A2,160,Mamoswine,Dialga,illustration_rare,0
A2,161,Gastrodon,Palkia,illustration_rare,0
A2,162,Manaphy,Palkia,illustration_rare,0
A2,163,Shinx,Dialga,illustration_rare,0
A2,164,Rotom,Palkia,illustration_rare,0
A2,165,Drifloon,Dialga,illustration_rare,0
A2,166,Mesprit,Dialga,illustration_rare,0
A2,167,Giratina,Palkia,illustration_rare,0
A2,168,Cresselia,Palkia,illustration_rare,0
A2,169,Rhyperior,Palkia,illustration_rare,0
A2,170,Lucario,Dialga,illustration_rare,0
A2,171,Hippopotas,Palkia,illustration_rare,0
A2,172,Spiritomb,Palkia,illustration_rare,0
A2,173,Croagunk,Dialga,illustration_rare,0
A2,174,Heatran,Dialga,illustration_rare,0
A2,175,Garchomp,Palkia,illustration_rare,0
A2,176,Staraptor,Palkia,illustration_rare,0
A2,177,Bidoof,Dialga,illustration_rare,0
A2,178,Glameow,Palkia,illustration_rare,0
A2,179,Regigigas,Dialga,illustration_rare,0
A2,180,Yanmega ex,Dialga,special_art,0
A2,181,Infernape ex,Palkia,special_art,0
A2,182,Palkia ex,Palkia,special_art,0
A2,183,Pachirisu ex,Dialga,special_art,0
A2,184,Mismagius ex,Palkia,special_art,0
A2,185,Gallade ex,Dialga,special_art,0
A2,186,Weavile ex,Palkia,special_art,0
A2,187,Darkrai ex,Dialga,special_art,0
A2,188,Dialga ex,Dialga,special_art,0
A2,189,Lickilicky ex,Palkia,special_art,0
A2,190,Cyrus,Palkia,special_art,0
A2,191,Team Galactic Grunt,Dialga,special_art,0
A2,192,Cynthia,Palkia,special_art,0
A2,193,Volkner,Dialga,special_art,0
A2,194,Dawn,Dialga,special_art,0
A2,195,Mars,Palkia,special_art,0
A2,196,Yanmega ex,Dialga,special_art,0
A2,197,Infernape ex,Palkia,special_art,0
A2,198,Pachirisu ex,Dialga,special_art,0
A2,199,Mismagius ex,Palkia,special_art,0
A2,200,Gallade ex,Dialga,special_art,0
A2,201,Weavile ex,Palkia,special_art,0
A2,202,Darkrai ex,Dialga,special_art,0
A2,203,Lickilicky ex,Palkia,special_art,0
A2,204,Palkia ex,Palkia,immersive_rare,0
A2,205,Dialga ex,Dialga,immersive_rare,0
A2,206,Palkia ex,Dialga|Palkia,crown_rare,0
A2,207,Dialga ex,Dialga|Palkia,crown_rare,0
A2a,001,Heracross,Arceus,uncommon,0
A2a,002,Burmy,Arceus,common,0
A2a,003,Mothim,Arceus,uncommon,0
A2a,004,Combee,Arceus,common,0
A2a,005,Vespiquen,Arceus,uncommon,0
A2a,006,Cherubi,Arceus,common,0
A2a,007,Cherrim,Arceus,uncommon,0
A2a,008,Cherrim,Arceus,uncommon,0
A2a,009,Carnivine,Arceus,rare,0
A2a,010,Leafeon ex,Arceus,double_rare,0
A2a,011,Houndour,Arceus,common,0
A2a,012,Houndoom,Arceus,uncommon,0
A2a,013,Heatran,Arceus,rare,0
A2a,014,Marill,Arceus,common,0
A2a,015,Azumarill,Arceus,common,0
A2a,016,Barboach,Arceus,common,0
A2a,017,Whiscash,Arceus,uncommon,0
A2a,018,Snorunt,Arceus,common,0
A2a,019,Froslass,Arceus,uncommon,0
A2a,020,Snover,Arceus,common,0
A2a,021,Abomasnow,Arceus,rare,0
A2a,022,Glaceon ex,Arceus,double_rare,0
A2a,023,Origin Forme Palkia,Arceus,rare,0
A2a,024,Phione,Arceus,uncommon,0
A2a,025,Pikachu,Arceus,common,0
A2a,026,Raichu,Arceus,rare,0
A2a,027,Electrike,Arceus,common,0
A2a,028,Manectric,Arceus,uncommon,0
A2a,029,Clefairy,Arceus,common,0
A2a,030,Clefable,Arceus,uncommon,0
A2a,031,Gastly,Arceus,common,0
A2a,032,Haunter,Arceus,common,0
A2a,033,Gengar,Arceus,uncommon,0
A2a,034,Unown,Arceus,uncommon,0
A2a,035,Rotom,Arceus,rare,0
A2a,036,Sudowoodo,Arceus,uncommon,0
A2a,037,Phanpy,Arceus,common,0
A2a,038,Donphan,Arceus,uncommon,0
A2a,039,Larvitar,Arceus,common,0
A2a,040,Pupitar,Arceus,uncommon,0
A2a,041,Tyranitar,Arceus,rare,0
A2a,042,Nosepass,Arceus,common,0
A2a,043,Meditite,Arceus,common,0
A2a,044,Medicham,Arceus,uncommon,0
A2a,045,Gible,Arceus,common,0
A2a,046,Gabite,Arceus,common,0
A2a,047,Garchomp ex,Arceus,double_rare,0
A2a,048,Zubat,Arceus,common,0
A2a,049,Golbat,Arceus,common,0
A2a,050,Crobat,Arceus,rare,0
A2a,051,Croagunk,Arceus,common,0
A2a,052,Toxicroak,Arceus,uncommon,0
A2a,053,Magnemite,Arceus,common,0
A2a,054,Magneton,Arceus,common,0
A2a,055,Magnezone,Arceus,rare,0
A2a,056,Mawile,Arceus,common,0
A2a,057,Probopass ex,Arceus,double_rare,0
A2a,058,Bronzor,Arceus,common,0
A2a,059,Bronzong,Arceus,uncommon,0
A2a,060,Origin Forme Dialga,Arceus,rare,0
A2a,061,Giratina,Arceus,rare,0
A2a,062,Eevee,Arceus,common,0
A2a,063,Snorlax,Arceus,uncommon,0
A2a,064,Hoothoot,Arceus,common,0
A2a,065,Noctowl,Arceus,uncommon,0
A2a,066,Starly,Arceus,common,0
A2a,067,Staravia,Arceus,common,0
A2a,068,Staraptor,Arceus,uncommon,0
A2a,069,Shaymin,Arceus,rare,0
A2a,070,Arceus,Arceus,rare,0
A2a,071,Arceus ex,Arceus,double_rare,0
A2a,072,Irida,Arceus,uncommon,0
A2a,073,Celestic Town Elder,Arceus,uncommon,0
A2a,074,Barry,Arceus,uncommon,0
A2a,075,Adaman,Arceus,uncommon,0
A2a,076,Houndoom,Arceus,illustration_rare,0
A2a,077,Marill,Arceus,illustration_rare,0
A2a,078,Unown,Arceus,illustration_rare,0
A2a,079,Sudowoodo,Arceus,illustration_rare,0
A2a,080,Magnemite,Arceus,illustration_rare,0
A2a,081,Shaymin,Arceus,illustration_rare,0
A2a,082,Leafeon ex,Arceus,special_art,0
A2a,083,Glaceon ex,Arceus,special_art,0
A2a,084,Garchomp ex,Arceus,special_art,0
A2a,085,Probopass ex,Arceus,special_art,0
A2a,086,Arceus ex,Arceus,special_art,0
A2a,087,Irida,Arceus,special_art,0
A2a,088,Celestic Town Elder,Arceus,special_art,0
A2a,089,Barry,Arceus,special_art,0
A2a,090,Adaman,Arceus,special_art,0
A2a,091,Leafeon ex,Arceus,special_art,0
A2a,092,Glaceon ex,Arceus,special_art,0
A2a,093,Garchomp ex,Arceus,special_art,0
A2a,094,Probopass ex,Arceus,special_art,0
A2a,095,Arceus ex,Arceus,immersive_rare,0
A2a,096,Arceus ex,Arceus,crown_rare,0
A2b,001,Weedle,Shining Revelry,common,0
A2b,002,Kakuna,Shining Revelry,uncommon,0
A2b,003,Beedrill ex,Shining Revelry,double_rare,0
A2b,004,Pinsir,Shining Revelry,common,0
A2b,005,Sprigatito,Shining Revelry,common,0
A2b,006,Floragato,Shining Revelry,uncommon,0
A2b,007,Meowscarada,Shining Revelry,rare,0
A2b,008,Charmander,Shining Revelry,common,0
A2b,009,Charmeleon,Shining Revelry,uncommon,0
A2b,010,Charizard ex,Shining Revelry,double_rare,0
A2b,011,Magmar,Shining Revelry,common,0
A2b,012,Magmortar,Shining Revelry,rare,0
A2b,013,Paldean Tauros,Shining Revelry,uncommon,0
A2b,014,Tentacool,Shining Revelry,common,0
A2b,015,Tentacruel,Shining Revelry,uncommon,0
A2b,016,Buizel,Shining Revelry,common,0
A2b,017,Floatzel,Shining Revelry,uncommon,0
A2b,018,Wiglett,Shining Revelry,common,0
A2b,019,Wugtrio ex,Shining Revelry,double_rare,0
A2b,020,Dondozo,Shining Revelry,rare,0
A2b,021,Tatsugiri,Shining Revelry,uncommon,0
A2b,022,Pikachu ex,Shining Revelry,double_rare,0
A2b,023,Voltorb,Shining Revelry,common,0
A2b,024,Electrode,Shining Revelry,uncommon,0
A2b,025,Pachirisu,Shining Revelry,uncommon,0
A2b,026,Pawmi,Shining Revelry,common,0
A2b,027,Pawmo,Shining Revelry,uncommon,0
A2b,028,Pawmot,Shining Revelry,rare,0
A2b,029,Abra,Shining Revelry,common,0
A2b,030,Kadabra,Shining Revelry,uncommon,0
A2b,031,Alakazam,Shining Revelry,rare,0
A2b,032,Mr. Mime,Shining Revelry,common,0
A2b,033,Drifloon,Shining Revelry,common,0
A2b,034,Drifblim,Shining Revelry,uncommon,0
A2b,035,Giratina ex,Shining Revelry,double_rare,0
A2b,036,Gimmighoul,Shining Revelry,common,0
A2b,037,Machop,Shining Revelry,common,0
A2b,038,Machoke,Shining Revelry,common,0
A2b,039,Machamp,Shining Revelry,rare,0
A2b,040,Hitmonlee,Shining Revelry,common,0
A2b,041,Hitmonchan,Shining Revelry,common,0
A2b,042,Riolu,Shining Revelry,common,0
A2b,043,Lucario ex,Shining Revelry,double_rare,0
A2b,044,Flamigo,Shining Revelry,uncommon,0
A2b,045,Ekans,Shining Revelry,common,0
A2b,046,Arbok,Shining Revelry,uncommon,0
A2b,047,Paldean Wooper,Shining Revelry,common,0
A2b,048,Paldean Clodsire ex,Shining Revelry,double_rare,0
A2b,049,Spiritomb,Shining Revelry,uncommon,0
A2b,050,Shroodle,Shining Revelry,common,0
A2b,051,Grafaiai,Shining Revelry,rare,0
A2b,052,Tinkatink,Shining Revelry,common,0
A2b,053,Tinkatuff,Shining Revelry,uncommon,0
A2b,054,Tinkaton ex,Shining Revelry,double_rare,0
A2b,055,Varoom,Shining Revelry,common,0
A2b,056,Revavroom,Shining Revelry,uncommon,0
A2b,057,Gholdengo,Shining Revelry,rare,0
A2b,058,Rattata,Shining Revelry,common,0
A2b,059,Raticate,Shining Revelry,common,0
A2b,060,Jigglypuff,Shining Revelry,common,0
A2b,061,Wigglytuff,Shining Revelry,rare,0
A2b,062,Lickitung,Shining Revelry,common,0
A2b,063,Lickilicky,Shining Revelry,common,0
A2b,064,Bidoof,Shining Revelry,common,0
A2b,065,Bibarel ex,Shining Revelry,double_rare,0
A2b,066,Buneary,Shining Revelry,common,0
A2b,067,Lopunny,Shining Revelry,common,0
A2b,068,Cyclizar,Shining Revelry,uncommon,0
A2b,069,Iono,Shining Revelry,uncommon,0
A2b,070,Pokémon Center Lady,Shining Revelry,uncommon,0
A2b,071,Red,Shining Revelry,uncommon,0
A2b,072,Team Rocket Grunt,Shining Revelry,uncommon,0
A2b,073,Meowscarada,Shining Revelry,illustration_rare,0
A2b,074,Buizel,Shining Revelry,illustration_rare,0
A2b,075,Tatsugiri,Shining Revelry,illustration_rare,0
A2b,076,Grafaiai,Shining Revelry,illustration_rare,0
A2b,077,Gholdengo,Shining Revelry,illustration_rare,0
A2b,078,Wigglytuff,Shining Revelry,illustration_rare,0
A2b,079,Beedrill ex,Shining Revelry,special_art,0
A2b,080,Charizard ex,Shining Revelry,special_art,0
A2b,081,Wugtrio ex,Shining Revelry,special_art,0
A2b,082,Pikachu ex,Shining Revelry,special_art,0
A2b,083,Giratina ex,Shining Revelry,special_art,0
A2b,084,Lucario ex,Shining Revelry,special_art,0
A2b,085,Paldean Clodsire ex,Shining Revelry,special_art,0
A2b,086,Tinkaton ex,Shining Revelry,special_art,0
A2b,087,Bibarel ex,Shining Revelry,special_art,0
A2b,088,Iono,Shining Revelry,special_art,0
A2b,089,Pokémon Center Lady,Shining Revelry,special_art,0
A2b,090,Red,Shining Revelry,special_art,0
A2b,091,Team Rocket Grunt,Shining Revelry,special_art,0
A2b,092,Pikachu ex,Shining Revelry,special_art,0
A2b,093,Paldean Clodsire ex,Shining Revelry,special_art,0
A2b,094,Tinkaton ex,Shining Revelry,special_art,0
A2b,095,Bibarel ex,Shining Revelry,special_art,0
A2b,096,Giratina ex,Shining Revelry,immersive_rare,0
A2b,097,Weedle,Shining Revelry,shiny_rare,0
A2b,098,Kakuna,Shining Revelry,shiny_rare,0
A2b,099,Charmander,Shining Revelry,shiny_rare,0
A2b,100,Charmeleon,Shining Revelry,shiny_rare,0
A2b,101,Wiglett,Shining Revelry,shiny_rare,0
A2b,102,Dondozo,Shining Revelry,shiny_rare,0
A2b,103,Pachirisu,Shining Revelry,shiny_rare,0
A2b,104,Riolu,Shining Revelry,shiny_rare,0
A2b,105,Varoom,Shining Revelry,shiny_rare,0
A2b,106,Revavroom,Shining Revelry,shiny_rare,0
A2b,107,Beedrill ex,Shining Revelry,double_shiny_rare,0
A2b,108,Charizard ex,Shining Revelry,double_shiny_rare,0
A2b,109,Wugtrio ex,Shining Revelry,double_shiny_rare,0
A2b,110,Lucario ex,Shining Revelry,double_shiny_rare,0
A2b,111,Poké Ball,Shining Revelry,crown_rare,0
A3,001,Exeggcute,Lunala,common,0
A3,002,Alolan Exeggutor,Lunala,rare,0
A3,003,Surskit,Lunala|Solgaleo,common,0
A3,004,Masquerain,Lunala|Solgaleo,uncommon,0
A3,005,Maractus,Lunala,common,0
A3,006,Karrablast,Lunala|Solgaleo,common,0
A3,007,Phantump,Solgaleo,common,0
A3,008,Trevenant,Solgaleo,uncommon,0
A3,009,Rowlet,Solgaleo,common,0
A3,010,Rowlet,Lunala,common,0
A3,011,Dartrix,Lunala,uncommon,0
A3,012,Decidueye ex,Lunala,double_rare,0
A3,013,Grubbin,Lunala,common,0
A3,014,Fomantis,Lunala|Solgaleo,common,0
A3,015,Lurantis,Lunala|Solgaleo,uncommon,0
A3,016,Morelull,Lunala,common,0
A3,017,Shiinotic,Lunala,uncommon,0
A3,018,Bounsweet,Solgaleo,common,0
A3,019,Steenee,Solgaleo,uncommon,0
A3,020,Tsareena,Solgaleo,rare,0
A3,021,Wimpod,Solgaleo,common,0
A3,022,Golisopod,Solgaleo,rare,0
A3,023,Dhelmise ex,Solgaleo,double_rare,0
A3,024,Tapu Bulu,Solgaleo,rare,0
A3,025,Growlithe,Lunala|Solgaleo,common,0
A3,026,Arcanine,Lunala|Solgaleo,uncommon,0
A3,027,Alolan Marowak,Lunala,uncommon,0
A3,028,Fletchinder,Solgaleo,common,0
A3,029,Talonflame,Solgaleo,rare,0
A3,030,Litten,Solgaleo,common,0
A3,031,Litten,Lunala,common,0
A3,032,Torracat,Solgaleo,uncommon,0
A3,033,Incineroar ex,Solgaleo,double_rare,0
A3,034,Oricorio,Lunala,uncommon,0
A3,035,Salandit,Lunala|Solgaleo,common,0
A3,036,Salazzle,Lunala|Solgaleo,common,0
A3,037,Turtonator,Lunala,rare,0
A3,038,Alolan Sandshrew,Lunala|Solgaleo,common,0
A3,039,Alolan Sandslash,Lunala|Solgaleo,uncommon,0
A3,040,Alolan Vulpix,Lunala,common,0
A3,041,Alolan Ninetales,Lunala,rare,0
A3,042,Shellder,Solgaleo,common,0
A3,043,Cloyster,Solgaleo,uncommon,0
A3,044,Lapras,Lunala|Solgaleo,uncommon,0
A3,045,Popplio,Lunala,common,0
A3,046,Popplio,Solgaleo,common,0
A3,047,Brionne,Lunala,uncommon,0
A3,048,Primarina,Lunala,rare,0
A3,049,Crabominable ex,Solgaleo,double_rare,0
A3,050,Wishiwashi,Lunala,common,0
A3,051,Wishiwashi ex,Lunala,double_rare,0
A3,052,Dewpider,Solgaleo,common,0
A3,053,Araquanid,Solgaleo,uncommon,0
A3,054,Pyukumuku,Lunala,common,0
A3,055,Bruxish,Lunala|Solgaleo,common,0
A3,056,Tapu Fini,Lunala,rare,0
A3,057,Pikachu,Solgaleo,common,0
A3,058,Alolan Raichu ex,Solgaleo,double_rare,0
A3,059,Alolan Geodude,Solgaleo,common,0
A3,060,Alolan Graveler,Solgaleo,uncommon,0
A3,061,Alolan Golem,Solgaleo,rare,0
A3,062,Helioptile,Lunala|Solgaleo,common,0
A3,063,Heliolisk,Lunala|Solgaleo,common,0
A3,064,Charjabug,Lunala,uncommon,0
A3,065,Vikavolt,Lunala,rare,0
A3,066,Oricorio,Solgaleo,rare,0
A3,067,Togedemaru,Lunala,common,0
A3,068,Tapu Koko,Solgaleo,rare,0
A3,069,Mr. Mime,Solgaleo,uncommon,0
A3,070,Sableye,Lunala|Solgaleo,uncommon,0
A3,071,Spoink,Lunala|Solgaleo,common,0
A3,072,Grumpig,Lunala|Solgaleo,uncommon,0
A3,073,Lunatone,Lunala,common,0
A3,074,Shuppet,Lunala|Solgaleo,common,0
A3,075,Banette,Lunala|Solgaleo,common,0
A3,076,Oricorio,Solgaleo,uncommon,0
A3,077,Oricorio,Lunala,uncommon,0
A3,078,Cutiefly,Solgaleo,common,0
A3,079,Ribombee,Solgaleo,common,0
A3,080,Comfey,Solgaleo,rare,0
A3,081,Sandygast,Solgaleo,common,0
A3,082,Palossand,Solgaleo,rare,0
A3,083,Mimikyu,Lunala,common,0
A3,084,Tapu Lele,Lunala,rare,0
A3,085,Cosmog,Lunala|Solgaleo,common,0
A3,086,Cosmoem,Lunala|Solgaleo,uncommon,0
A3,087,Lunala ex,Lunala,double_rare,0
A3,088,Necrozma,Lunala,rare,0
A3,089,Cubone,Lunala,common,0
A3,090,Makuhita,Lunala|Solgaleo,common,0
A3,091,Hariyama,Lunala|Solgaleo,uncommon,0
A3,092,Solrock,Solgaleo,common,0
A3,093,Drilbur,Lunala|Solgaleo,common,0
A3,094,Timburr,Lunala,common,0
A3,095,Gurdurr,Lunala,uncommon,0
A3,096,Conkeldurr,Lunala,rare,0
A3,097,Crabrawler,Solgaleo,common,0
A3,098,Rockruff,Lunala,common,0
A3,099,Rockruff,Solgaleo,common,0
A3,100,Lycanroc,Solgaleo,rare,0
A3,101,Lycanroc,Lunala,rare,0
A3,102,Mudbray,Solgaleo,common,0
A3,103,Mudsdale,Solgaleo,uncommon,0
A3,104,Passimian ex,Lunala,double_rare,0
A3,105,Minior,Lunala,uncommon,0
A3,106,Alolan Rattata,Lunala,common,0
A3,107,Alolan Raticate,Lunala,uncommon,0
A3,108,Alolan Meowth,Solgaleo,common,0
A3,109,Alolan Persian,Solgaleo,rare,0
A3,110,Alolan Grimer,Lunala,common,0
A3,111,Alolan Muk ex,Lunala,double_rare,0
A3,112,Absol,Lunala,rare,0
A3,113,Trubbish,Lunala|Solgaleo,common,0
A3,114,Garbodor,Lunala|Solgaleo,uncommon,0
A3,115,Mareanie,Lunala,common,0
A3,116,Toxapex,Lunala,common,0
A3,117,Alolan Diglett,Lunala|Solgaleo,common,0
A3,118,Alolan Dugtrio,Lunala|Solgaleo,common,0
A3,119,Excadrill,Lunala|Solgaleo,uncommon,0
A3,120,Escavalier,Lunala|Solgaleo,uncommon,0
A3,121,Klefki,Solgaleo,rare,0
A3,122,Solgaleo ex,Solgaleo,double_rare,0
A3,123,Magearna,Solgaleo,rare,0
A3,124,Drampa,Solgaleo,rare,0
A3,125,Jangmo-o,Lunala,common,0
A3,126,Hakamo-o,Lunala,uncommon,0
A3,127,Kommo-o,Lunala,rare,0
A3,128,Tauros,Lunala|Solgaleo,uncommon,0
A3,129,Skitty,Lunala|Solgaleo,common,0
A3,130,Delcatty,Lunala|Solgaleo,uncommon,0
A3,131,Fletchling,Solgaleo,common,0
A3,132,Hawlucha,Solgaleo,uncommon,0
A3,133,Pikipek,Lunala|Solgaleo,common,0
A3,134,Trumbeak,Lunala|Solgaleo,common,0
A3,135,Toucannon,Lunala|Solgaleo,uncommon,0
A3,136,Yungoos,Solgaleo,common,0
A3,137,Gumshoos,Solgaleo,common,0
A3,138,Stufful,Lunala,common,0
A3,139,Bewear,Lunala,rare,0
A3,140,Oranguru,Lunala,rare,0
A3,141,Komala,Solgaleo,uncommon,0
A3,142,Big Malasada,Lunala|Solgaleo,uncommon,0
A3,143,Fishing Net,Lunala,uncommon,0
A3,144,Rare Candy,Lunala|Solgaleo,uncommon,0
A3,145,Rotom Dex,Solgaleo,uncommon,0
A3,146,Poison Barb,Lunala,uncommon,0
A3,147,Leaf Cape,Solgaleo,uncommon,0
A3,148,Acerola,Lunala,uncommon,0
A3,149,Ilima,Lunala,uncommon,0
A3,150,Kiawe,Lunala,uncommon,0
A3,151,Guzma,Lunala,uncommon,0
A3,152,Lana,Solgaleo,uncommon,0
A3,153,Sophocles,Solgaleo,uncommon,0
A3,154,Mallow,Solgaleo,uncommon,0
A3,155,Lillie,Solgaleo,uncommon,0
A3,156,Alolan Exeggutor,Lunala,illustration_rare,0
A3,157,Morelull,Lunala,illustration_rare,0
A3,158,Tsareena,Solgaleo,illustration_rare,0
A3,159,Tapu Bulu,Solgaleo,illustration_rare,0
A3,160,Alolan Marowak,Lunala,illustration_rare,0
A3,161,Turtonator,Lunala,illustration_rare,0
A3,162,Alolan Vulpix,Lunala,illustration_rare,0
A3,163,Pyukumuku,Lunala,illustration_rare,0
A3,164,Tapu Fini,Lunala,illustration_rare,0
A3,165,Oricorio,Solgaleo,illustration_rare,0
A3,166,Tapu Koko,Solgaleo,illustration_rare,0
A3,167,Cutiefly,Solgaleo,illustration_rare,0
A3,168,Comfey,Solgaleo,illustration_rare,0
A3,169,Sandygast,Solgaleo,illustration_rare,0
A3,170,Tapu Lele,Lunala,illustration_rare,0
A3,171,Cosmog,Lunala,illustration_rare,0
A3,172,Rockruff,Solgaleo,illustration_rare,0
A3,173,Mudsdale,Solgaleo,illustration_rare,0
A3,174,Minior,Lunala,illustration_rare,0
A3,175,Magearna,Solgaleo,illustration_rare,0
A3,176,Drampa,Solgaleo,illustration_rare,0
A3,177,Pikipek,Lunala,illustration_rare,0
A3,178,Bewear,Lunala,illustration_rare,0
A3,179,Komala,Solgaleo,illustration_rare,0
A3,180,Decidueye ex,Lunala,special_art,0
A3,181,Dhelmise ex,Solgaleo,special_art,0
A3,182,Incineroar ex,Solgaleo,special_art,0
A3,183,Crabominable ex,Solgaleo,special_art,0
A3,184,Wishiwashi ex,Lunala,special_art,0
A3,185,Alolan Raichu ex,Solgaleo,special_art,0
A3,186,Lunala ex,Lunala,special_art,0
A3,187,Passimian ex,Lunala,special_art,0
A3,188,Alolan Muk ex,Lunala,special_art,0
A3,189,Solgaleo ex,Solgaleo,special_art,0
A3,190,Acerola,Lunala,special_art,0
A3,191,Ilima,Lunala,special_art,0
A3,192,Kiawe,Lunala,special_art,0
A3,193,Guzma,Lunala,special_art,0
A3,194,Lana,Solgaleo,special_art,0
A3,195,Sophocles,Solgaleo,special_art,0
A3,196,Mallow,Solgaleo,special_art,0
A3,197,Lillie,Solgaleo,special_art,0
A3,198,Decidueye ex,Lunala,special_art,0
A3,199,Dhelmise ex,Solgaleo,special_art,0
A3,200,Incineroar ex,Solgaleo,special_art,0
A3,201,Crabominable ex,Solgaleo,special_art,0
A3,202,Wishiwashi ex,Lunala,special_art,0
A3,203,Alolan Raichu ex,Solgaleo,special_art,0
A3,204,Lunala ex,Lunala,special_art,0
A3,205,Passimian ex,Lunala,special_art,0
A3,206,Alolan Muk ex,Lunala,special_art,0
A3,207,Solgaleo ex,Solgaleo,special_art,0
A3,208,Guzma,Lunala,immersive_rare,0
A3,209,Lillie,Solgaleo,immersive_rare,0
A3,210,Bulbasaur,Solgaleo,shiny_rare,0
A3,211,Ivysaur,Solgaleo,shiny_rare,0
A3,212,Venusaur,Solgaleo,shiny_rare,0
A3,213,Exeggcute,Lunala,shiny_rare,0
A3,214,Exeggutor,Lunala,shiny_rare,0
A3,215,Squirtle,Lunala,shiny_rare,0
A3,216,Wartortle,Lunala,shiny_rare,0
A3,217,Blastoise,Lunala,shiny_rare,0
A3,218,Staryu,Solgaleo,shiny_rare,0
A3,219,Starmie,Solgaleo,shiny_rare,0
A3,220,Gastly,Lunala,shiny_rare,0
A3,221,Haunter,Lunala,shiny_rare,0
A3,222,Gengar,Lunala,shiny_rare,0
A3,223,Machop,Solgaleo,shiny_rare,0
A3,224,Machoke,Solgaleo,shiny_rare,0
A3,225,Machamp,Solgaleo,shiny_rare,0
A3,226,Cubone,Lunala,shiny_rare,0
A3,227,Marowak,Lunala,shiny_rare,0
A3,228,Jigglypuff,Solgaleo,shiny_rare,0
A3,229,Wigglytuff,Solgaleo,shiny_rare,0
A3,230,Venusaur ex,Solgaleo,double_shiny_rare,0
A3,231,Exeggutor ex,Lunala,double_shiny_rare,0
A3,232,Blastoise ex,Lunala,double_shiny_rare,0
A3,233,Starmie ex,Solgaleo,double_shiny_rare,0
A3,234,Gengar ex,Lunala,double_shiny_rare,0
A3,235,Machamp ex,Solgaleo,double_shiny_rare,0
A3,236,Marowak ex,Lunala,double_shiny_rare,0
A3,237,Wigglytuff ex,Solgaleo,double_shiny_rare,0
A3,238,Lunala ex,Lunala|Solgaleo,crown_rare,0
A3,239,Solgaleo ex,Lunala|Solgaleo,crown_rare,0
A3a,001,Petilil,Extradimensional Crisis,common,0
A3a,002,Lilligant,Extradimensional Crisis,common,0
A3a,003,Rowlet,Extradimensional Crisis,common,0
A3a,004,Dartrix,Extradimensional Crisis,uncommon,0
A3a,005,Decidueye,Extradimensional Crisis,rare,0
A3a,006,Buzzwole ex,Extradimensional Crisis,double_rare,0
A3a,007,Pheromosa,Extradimensional Crisis,uncommon,0
A3a,008,Kartana,Extradimensional Crisis,common,0
A3a,009,Blacephalon,Extradimensional Crisis,uncommon,0
A3a,010,Mantine,Extradimensional Crisis,common,0
A3a,011,Carvanha,Extradimensional Crisis,common,0
A3a,012,Sharpedo,Extradimensional Crisis,uncommon,0
A3a,013,Shinx,Extradimensional Crisis,common,0
A3a,014,Luxio,Extradimensional Crisis,common,0
A3a,015,Luxray,Extradimensional Crisis,rare,0
A3a,016,Blitzle,Extradimensional Crisis,common,0
A3a,017,Zebstrika,Extradimensional Crisis,common,0
A3a,018,Emolga,Extradimensional Crisis,common,0
A3a,019,Tapu Koko ex,Extradimensional Crisis,double_rare,0
A3a,020,Xurkitree,Extradimensional Crisis,uncommon,0
A3a,021,Zeraora,Extradimensional Crisis,rare,0
A3a,022,Clefairy,Extradimensional Crisis,common,0
A3a,023,Clefable,Extradimensional Crisis,uncommon,0
A3a,024,Phantump,Extradimensional Crisis,common,0
A3a,025,Trevenant,Extradimensional Crisis,common,0
A3a,026,Morelull,Extradimensional Crisis,common,0
A3a,027,Shiinotic,Extradimensional Crisis,rare,0
A3a,028,Meditite,Extradimensional Crisis,common,0
A3a,029,Medicham,Extradimensional Crisis,uncommon,0
A3a,030,Baltoy,Extradimensional Crisis,common,0
A3a,031,Claydol,Extradimensional Crisis,uncommon,0
A3a,032,Rockruff,Extradimensional Crisis,common,0
A3a,033,Lycanroc ex,Extradimensional Crisis,double_rare,0
A3a,034,Passimian,Extradimensional Crisis,common,0
A3a,035,Sandygast,Extradimensional Crisis,common,0
A3a,036,Palossand,Extradimensional Crisis,uncommon,0
A3a,037,Alolan Meowth,Extradimensional Crisis,common,0
A3a,038,Alolan Persian,Extradimensional Crisis,uncommon,0
A3a,039,Sandile,Extradimensional Crisis,common,0
A3a,040,Krokorok,Extradimensional Crisis,common,0
A3a,041,Krookodile,Extradimensional Crisis,uncommon,0
A3a,042,Nihilego,Extradimensional Crisis,rare,0
A3a,043,Guzzlord ex,Extradimensional Crisis,double_rare,0
A3a,044,Poipole,Extradimensional Crisis,common,0
A3a,045,Naganadel,Extradimensional Crisis,rare,0
A3a,046,Alolan Diglett,Extradimensional Crisis,common,0
A3a,047,Alolan Dugtrio ex,Extradimensional Crisis,double_rare,0
A3a,048,Aron,Extradimensional Crisis,common,0
A3a,049,Lairon,Extradimensional Crisis,common,0
A3a,050,Aggron,Extradimensional Crisis,uncommon,0
A3a,051,Ferroseed,Extradimensional Crisis,common,0
A3a,052,Ferrothorn,Extradimensional Crisis,uncommon,0
A3a,053,Stakataka,Extradimensional Crisis,uncommon,0
A3a,054,Lillipup,Extradimensional Crisis,common,0
A3a,055,Herdier,Extradimensional Crisis,common,0
A3a,056,Stoutland,Extradimensional Crisis,uncommon,0
A3a,057,Stufful,Extradimensional Crisis,common,0
A3a,058,Bewear,Extradimensional Crisis,uncommon,0
A3a,059,Oranguru,Extradimensional Crisis,common,0
A3a,060,Type: Null,Extradimensional Crisis,uncommon,0
A3a,061,Silvally,Extradimensional Crisis,rare,0
A3a,062,Celesteela,Extradimensional Crisis,rare,0
A3a,063,Beast Wall,Extradimensional Crisis,uncommon,0
A3a,064,Repel,Extradimensional Crisis,uncommon,0
A3a,065,Electrical Cord,Extradimensional Crisis,uncommon,0
A3a,066,Beastite,Extradimensional Crisis,uncommon,0
A3a,067,Gladion,Extradimensional Crisis,uncommon,0
A3a,068,Looker,Extradimensional Crisis,uncommon,0
A3a,069,Lusamine,Extradimensional Crisis,uncommon,0
A3a,070,Rowlet,Extradimensional Crisis,illustration_rare,0
A3a,071,Pheromosa,Extradimensional Crisis,illustration_rare,0
A3a,072,Blacephalon,Extradimensional Crisis,illustration_rare,0
A3a,073,Alolan Meowth,Extradimensional Crisis,illustration_rare,0
A3a,074,Silvally,Extradimensional Crisis,illustration_rare,0
A3a,075,Celesteela,Extradimensional Crisis,illustration_rare,0
A3a,076,Buzzwole ex,Extradimensional Crisis,special_art,0
A3a,077,Tapu Koko ex,Extradimensional Crisis,special_art,0
A3a,078,Lycanroc ex,Extradimensional Crisis,special_art,0
A3a,079,Guzzlord ex,Extradimensional Crisis,special_art,0
A3a,080,Alolan Dugtrio ex,Extradimensional Crisis,special_art,0
A3a,081,Gladion,Extradimensional Crisis,special_art,0
A3a,082,Looker,Extradimensional Crisis,special_art,0
A3a,083,Lusamine,Extradimensional Crisis,special_art,0
A3a,084,Tapu Koko ex,Extradimensional Crisis,special_art,0
A3a,085,Lycanroc ex,Extradimensional Crisis,special_art,0
A3a,086,Guzzlord ex,Extradimensional Crisis,special_art,0
A3a,087,Alolan Dugtrio ex,Extradimensional Crisis,special_art,0
A3a,088,Buzzwole ex,Extradimensional Crisis,immersive_rare,0
A3a,089,Growlithe,Extradimensional Crisis,shiny_rare,0
A3a,090,Arcanine,Extradimensional Crisis,shiny_rare,0
A3a,091,Froakie,Extradimensional Crisis,shiny_rare,0
A3a,092,Frogadier,Extradimensional Crisis,shiny_rare,0
A3a,093,Greninja,Extradimensional Crisis,shiny_rare,0
A3a,094,Jynx,Extradimensional Crisis,shiny_rare,0
A3a,095,Pidgey,Extradimensional Crisis,shiny_rare,0
A3a,096,Pidgeotto,Extradimensional Crisis,shiny_rare,0
A3a,097,Pidgeot,Extradimensional Crisis,shiny_rare,0
A3a,098,Aerodactyl,Extradimensional Crisis,shiny_rare,0
A3a,099,Celebi ex,Extradimensional Crisis,double_shiny_rare,0
A3a,100,Arcanine ex,Extradimensional Crisis,double_shiny_rare,0
A3a,101,Aerodactyl ex,Extradimensional Crisis,double_shiny_rare,0
A3a,102,Pidgeot ex,Extradimensional Crisis,double_shiny_rare,0
A3a,103,Nihilego,Extradimensional Crisis,crown_rare,0
A3b,001,Tropius,Eevee,uncommon,0
A3b,002,Leafeon,Eevee,rare,0
A3b,003,Bounsweet,Eevee,common,0
A3b,004,Steenee,Eevee,common,0
A3b,005,Tsareena,Eevee,uncommon,0
A3b,006,Applin,Eevee,common,0
A3b,007,Appletun,Eevee,uncommon,0
A3b,008,Flareon,Eevee,rare,0
A3b,009,Flareon ex,Eevee,double_rare,0
A3b,010,Torkoal,Eevee,common,0
A3b,011,Litten,Eevee,common,0
A3b,012,Torracat,Eevee,common,0
A3b,013,Incineroar,Eevee,uncommon,0
A3b,014,Salandit,Eevee,common,0
A3b,015,Salazzle,Eevee,uncommon,0
A3b,016,Vaporeon,Eevee,rare,0
A3b,017,Glaceon,Eevee,rare,0
A3b,018,Vanillite,Eevee,common,0
A3b,019,Vanillish,Eevee,common,0
A3b,020,Vanilluxe,Eevee,uncommon,0
A3b,021,Alomomola,Eevee,common,0
A3b,022,Popplio,Eevee,common,0
A3b,023,Brionne,Eevee,common,0
A3b,024,Primarina ex,Eevee,double_rare,0
A3b,025,Jolteon,Eevee,rare,0
A3b,026,Joltik,Eevee,common,0
A3b,027,Galvantula,Eevee,uncommon,0
A3b,028,Espeon,Eevee,rare,0
A3b,029,Woobat,Eevee,common,0
A3b,030,Swoobat,Eevee,uncommon,0
A3b,031,Swirlix,Eevee,common,0
A3b,032,Slurpuff,Eevee,uncommon,0
A3b,033,Sylveon,Eevee,rare,0
A3b,034,Sylveon ex,Eevee,double_rare,0
A3b,035,Mimikyu,Eevee,uncommon,0
A3b,036,Milcery,Eevee,common,0
A3b,037,Alcremie,Eevee,uncommon,0
A3b,038,Barboach,Eevee,common,0
A3b,039,Whiscash,Eevee,uncommon,0
A3b,040,Mienfoo,Eevee,common,0
A3b,041,Mienshao,Eevee,uncommon,0
A3b,042,Carbink,Eevee,common,0
A3b,043,Umbreon,Eevee,rare,0
A3b,044,Sableye,Eevee,common,0
A3b,045,Purrloin,Eevee,common,0
A3b,046,Liepard,Eevee,uncommon,0
A3b,047,Mawile,Eevee,common,0
A3b,048,Togedemaru,Eevee,common,0
A3b,049,Meltan,Eevee,common,0
A3b,050,Melmetal,Eevee,uncommon,0
A3b,051,Dratini,Eevee,common,0
A3b,052,Dragonair,Eevee,common,0
A3b,053,Dragonite ex,Eevee,double_rare,0
A3b,054,Drampa,Eevee,uncommon,0
A3b,055,Eevee,Eevee,common,0
A3b,056,Eevee ex,Eevee,double_rare,0
A3b,057,Snorlax ex,Eevee,double_rare,0
A3b,058,Aipom,Eevee,common,0
A3b,059,Ambipom,Eevee,uncommon,0
A3b,060,Chatot,Eevee,common,0
A3b,061,Audino,Eevee,common,0
A3b,062,Minccino,Eevee,common,0
A3b,063,Cinccino,Eevee,uncommon,0
A3b,064,Skwovet,Eevee,common,0
A3b,065,Greedent,Eevee,uncommon,0
A3b,066,Eevee Bag,Eevee,uncommon,0
A3b,067,Leftovers,Eevee,uncommon,0
A3b,068,Hau,Eevee,uncommon,0
A3b,069,Penny,Eevee,uncommon,0
A3b,070,Leafeon,Eevee,illustration_rare,0
A3b,071,Flareon,Eevee,illustration_rare,0
A3b,072,Vaporeon,Eevee,illustration_rare,0
A3b,073,Glaceon,Eevee,illustration_rare,0
A3b,074,Jolteon,Eevee,illustration_rare,0
A3b,075,Espeon,Eevee,illustration_rare,0
A3b,076,Sylveon,Eevee,illustration_rare,0
A3b,077,Umbreon,Eevee,illustration_rare,0
A3b,078,Eevee,Eevee,illustration_rare,0
A3b,079,Flareon ex,Eevee,special_art,0
A3b,080,Primarina ex,Eevee,special_art,0
A3b,081,Sylveon ex,Eevee,special_art,0
A3b,082,Dragonite ex,Eevee,special_art,0
A3b,083,Eevee ex,Eevee,special_art,0
A3b,084,Snorlax ex,Eevee,special_art,0
A3b,085,Hau,Eevee,special_art,0
A3b,086,Penny,Eevee,special_art,0
A3b,087,Flareon ex,Eevee,special_art,0
A3b,088,Primarina ex,Eevee,special_art,0
A3b,089,Sylveon ex,Eevee,special_art,0
A3b,090,Dragonite ex,Eevee,special_art,0
A3b,091,Snorlax ex,Eevee,special_art,0
A3b,092,Eevee ex,Eevee,immersive_rare,0
A3b,093,Pinsir,Eevee,shiny_rare,0
A3b,094,Lapras,Eevee,shiny_rare,0
A3b,095,Voltorb,Eevee,shiny_rare,0
A3b,096,Electrode,Eevee,shiny_rare,0
A3b,097,Ralts,Eevee,shiny_rare,0
A3b,098,Kirlia,Eevee,shiny_rare,0
A3b,099,Gardevoir,Eevee,shiny_rare,0
A3b,100,Ekans,Eevee,shiny_rare,0
A3b,101,Arbok,Eevee,shiny_rare,0
A3b,102,Farfetch'd,Eevee,shiny_rare,0
A3b,103,Moltres ex,Eevee,double_shiny_rare,0
A3b,104,Articuno ex,Eevee,double_shiny_rare,0
A3b,105,Zapdos ex,Eevee,double_shiny_rare,0
A3b,106,Gallade ex,Eevee,double_shiny_rare,0
A3b,107,Eevee Bag,Eevee,crown_rare,0
A4,001,Oddish,Lugia,common,0
A4,002,Gloom,Lugia,uncommon,0
A4,003,Bellossom,Lugia,rare,0
A4,004,Tangela,Ho-Oh,common,0
A4,005,Tangrowth,Ho-Oh,rare,0
A4,006,Scyther,Lugia,common,0
A4,007,Pinsir,Lugia,common,0
A4,008,Chikorita,Lugia,common,0
A4,009,Bayleef,Lugia,uncommon,0
A4,010,Meganium,Lugia,rare,0
A4,011,Ledyba,Lugia,common,0
A4,012,Ledian,Lugia,common,0
A4,013,Hoppip,Ho-Oh,common,0
A4,014,Skiploom,Ho-Oh,uncommon,0
A4,015,Jumpluff,Ho-Oh,rare,0
A4,016,Sunkern,Ho-Oh|Lugia,common,0
A4,017,Sunflora,Ho-Oh|Lugia,uncommon,0
A4,018,Yanma,Ho-Oh|Lugia,common,0
A4,019,Yanmega,Ho-Oh|Lugia,uncommon,0
A4,020,Pineco,Ho-Oh|Lugia,common,0
A4,021,Shuckle ex,Lugia,double_rare,0
A4,022,Heracross,Ho-Oh,rare,0
A4,023,Cherubi,Ho-Oh|Lugia,common,0
A4,024,Cherrim,Ho-Oh|Lugia,uncommon,0
A4,025,Vulpix,Lugia,common,0
A4,026,Ninetales,Lugia,rare,0
A4,027,Cyndaquil,Lugia,common,0
A4,028,Quilava,Lugia,uncommon,0
A4,029,Typhlosion,Lugia,rare,0
A4,030,Slugma,Ho-Oh,common,0
A4,031,Magcargo,Ho-Oh,uncommon,0
A4,032,Magby,Ho-Oh,rare,0
A4,033,Entei,Ho-Oh,rare,0
A4,034,Ho-Oh ex,Ho-Oh,double_rare,0
A4,035,Darumaka,Ho-Oh|Lugia,common,0
A4,036,Darmanitan,Ho-Oh|Lugia,uncommon,0
A4,037,Heatmor,Ho-Oh|Lugia,common,0
A4,038,Poliwag,Lugia,common,0
A4,039,Poliwhirl,Lugia,uncommon,0
A4,040,Politoed,Lugia,rare,0
A4,041,Horsea,Lugia,common,0
A4,042,Seadra,Lugia,uncommon,0
A4,043,Kingdra ex,Lugia,double_rare,0
A4,044,Magikarp,Lugia,common,0
A4,045,Gyarados,Lugia,rare,0
A4,046,Totodile,Ho-Oh,common,0
A4,047,Croconaw,Ho-Oh,uncommon,0
A4,048,Feraligatr,Ho-Oh,rare,0
A4,049,Marill,Ho-Oh,common,0
A4,050,Azumarill,Ho-Oh,uncommon,0
A4,051,Wooper,Lugia,common,0
A4,052,Quagsire,Lugia,uncommon,0
A4,053,Qwilfish,Lugia,uncommon,0
A4,054,Corsola,Lugia,common,0
A4,055,Remoraid,Lugia,common,0
A4,056,Octillery,Lugia,rare,0
A4,057,Delibird,Ho-Oh,uncommon,0
A4,058,Mantine,Lugia,uncommon,0
A4,059,Suicune,Lugia,rare,0
A4,060,Corphish,Lugia,common,0
A4,061,Crawdaunt,Lugia,rare,0
A4,062,Ducklett,Ho-Oh,common,0
A4,063,Swanna,Ho-Oh,uncommon,0
A4,064,Chinchou,Lugia,common,0
A4,065,Lanturn ex,Lugia,double_rare,0
A4,066,Pichu,Lugia,rare,0
A4,067,Mareep,Lugia,common,0
A4,068,Flaaffy,Lugia,uncommon,0
A4,069,Ampharos,Lugia,rare,0
A4,070,Elekid,Lugia,rare,0
A4,071,Raikou,Ho-Oh,rare,0
A4,072,Emolga,Ho-Oh|Lugia,common,0
A4,073,Slowpoke,Lugia,common,0
A4,074,Slowking,Lugia,uncommon,0
A4,075,Smoochum,Ho-Oh,rare,0
A4,076,Jynx,Ho-Oh|Lugia,common,0
A4,077,Cleffa,Lugia,rare,0
A4,078,Togepi,Ho-Oh,common,0
A4,079,Togetic,Ho-Oh,uncommon,0
A4,080,Togekiss,Ho-Oh,rare,0
A4,081,Natu,Lugia,common,0
A4,082,Xatu,Lugia,rare,0
A4,083,Espeon ex,Lugia,double_rare,0
A4,084,Unown,Ho-Oh,rare,0
A4,085,Unown,Lugia,rare,0
A4,086,Wobbuffet,Lugia,common,0
A4,087,Girafarig,Ho-Oh,common,0
A4,088,Snubbull,Ho-Oh|Lugia,common,0
A4,089,Granbull,Ho-Oh|Lugia,uncommon,0
A4,090,Munna,Ho-Oh|Lugia,common,0
A4,091,Musharna,Ho-Oh|Lugia,uncommon,0
A4,092,Onix,Ho-Oh,common,0
A4,093,Sudowoodo,Ho-Oh|Lugia,common,0
A4,094,Gligar,Ho-Oh,common,0
A4,095,Gliscor,Ho-Oh,uncommon,0
A4,096,Swinub,Ho-Oh,common,0
A4,097,Piloswine,Ho-Oh,uncommon,0
A4,098,Mamoswine,Ho-Oh,rare,0
A4,099,Phanpy,Ho-Oh,common,0
A4,100,Donphan ex,Ho-Oh,double_rare,0
A4,101,Tyrogue,Ho-Oh,rare,0
A4,102,Hitmontop,Ho-Oh|Lugia,common,0
A4,103,Larvitar,Ho-Oh,common,0
A4,104,Pupitar,Ho-Oh,uncommon,0
A4,105,Binacle,Lugia,common,0
A4,106,Barbaracle,Lugia,uncommon,0
A4,107,Zubat,Ho-Oh,common,0
A4,108,Golbat,Ho-Oh,uncommon,0
A4,109,Crobat ex,Ho-Oh,double_rare,0
A4,110,Spinarak,Ho-Oh,common,0
A4,111,Ariados,Ho-Oh,uncommon,0
A4,112,Umbreon ex,Ho-Oh,double_rare,0
A4,113,Murkrow,Lugia,common,0
A4,114,Honchkrow,Lugia,uncommon,0
A4,115,Sneasel,Lugia,common,0
A4,116,Weavile,Lugia,uncommon,0
A4,117,Houndour,Ho-Oh|Lugia,common,0
A4,118,Houndoom,Ho-Oh|Lugia,uncommon,0
A4,119,Tyranitar,Ho-Oh,rare,0
A4,120,Absol,Ho-Oh|Lugia,uncommon,0
A4,121,Forretress,Ho-Oh|Lugia,uncommon,0
A4,122,Steelix,Ho-Oh,rare,0
A4,123,Scizor,Lugia,rare,0
A4,124,Skarmory ex,Ho-Oh,double_rare,0
A4,125,Mawile,Ho-Oh|Lugia,common,0
A4,126,Klink,Ho-Oh,common,0
A4,127,Klang,Ho-Oh,uncommon,0
A4,128,Klinklang,Ho-Oh,rare,0
A4,129,Spearow,Ho-Oh,common,0
A4,130,Fearow,Ho-Oh,common,0
A4,131,Chansey,Ho-Oh,common,0
A4,132,Blissey,Ho-Oh,rare,0
A4,133,Kangaskhan,Ho-Oh,rare,0
A4,134,Eevee,Ho-Oh|Lugia,common,0
A4,135,Porygon,Lugia,common,0
A4,136,Porygon2,Lugia,uncommon,0
A4,137,Porygon-Z,Lugia,rare,0
A4,138,Sentret,Ho-Oh,common,0
A4,139,Furret,Ho-Oh,common,0
A4,140,Hoothoot,Ho-Oh,common,0
A4,141,Noctowl,Ho-Oh,common,0
A4,142,Aipom,Ho-Oh|Lugia,common,0
A4,143,Ambipom,Ho-Oh|Lugia,common,0
A4,144,Dunsparce,Ho-Oh|Lugia,common,0
A4,145,Teddiursa,Ho-Oh,common,0
A4,146,Ursaring,Ho-Oh,uncommon,0
A4,147,Stantler,Ho-Oh,uncommon,0
A4,148,Smeargle,Lugia,uncommon,0
A4,149,Lugia ex,Lugia,double_rare,0
A4,150,Bouffalant,Ho-Oh|Lugia,uncommon,0
A4,151,Elemental Switch,Lugia,uncommon,0
A4,152,Squirt Bottle,Lugia,uncommon,0
A4,153,Steel Apron,Ho-Oh,uncommon,0
A4,154,Dark Pendant,Ho-Oh,uncommon,0
A4,155,Rescue Scarf,Ho-Oh|Lugia,uncommon,0
A4,156,Will,Lugia,uncommon,0
A4,157,Lyra,Lugia,uncommon,0
A4,158,Silver,Ho-Oh,uncommon,0
A4,159,Fisher,Lugia,uncommon,0
A4,160,Jasmine,Ho-Oh,uncommon,0
A4,161,Hiker,Ho-Oh,uncommon,0
A4,162,Chikorita,Lugia,illustration_rare,0
A4,163,Bellossom,Lugia,illustration_rare,0
A4,164,Heracross,Ho-Oh,illustration_rare,0
A4,165,Cyndaquil,Lugia,illustration_rare,0
A4,166,Magby,Ho-Oh,illustration_rare,0
A4,167,Totodile,Ho-Oh,illustration_rare,0
A4,168,Qwilfish,Lugia,illustration_rare,0
A4,169,Octillery,Lugia,illustration_rare,0
A4,170,Delibird,Ho-Oh,illustration_rare,0
A4,171,Pichu,Lugia,illustration_rare,0
A4,172,Ampharos,Lugia,illustration_rare,0
A4,173,Togepi,Ho-Oh,illustration_rare,0
A4,174,Xatu,Lugia,illustration_rare,0
A4,175,Wobbuffet,Lugia,illustration_rare,0
A4,176,Gligar,Ho-Oh,illustration_rare,0
A4,177,Spinarak,Ho-Oh,illustration_rare,0
A4,178,Murkrow,Lugia,illustration_rare,0
A4,179,Tyranitar,Ho-Oh,illustration_rare,0
A4,180,Scizor,Lugia,illustration_rare,0
A4,181,Sentret,Ho-Oh,illustration_rare,0
A4,182,Hoothoot,Ho-Oh,illustration_rare,0
A4,183,Stantler,Ho-Oh,illustration_rare,0
A4,184,Smeargle,Lugia,illustration_rare,0
A4,185,Blissey,Ho-Oh,illustration_rare,0
A4,186,Shuckle ex,Lugia,special_art,0
A4,187,Ho-Oh ex,Ho-Oh,special_art,0
A4,188,Kingdra ex,Lugia,special_art,0
A4,189,Lanturn ex,Lugia,special_art,0
A4,190,Espeon ex,Lugia,special_art,0
A4,191,Donphan ex,Ho-Oh,special_art,0
A4,192,Crobat ex,Ho-Oh,special_art,0
A4,193,Umbreon ex,Ho-Oh,special_art,0
A4,194,Skarmory ex,Ho-Oh,special_art,0
A4,195,Lugia ex,Lugia,special_art,0
A4,196,Will,Lugia,special_art,0
A4,197,Lyra,Lugia,special_art,0
A4,198,Silver,Ho-Oh,special_art,0
A4,199,Fisher,Lugia,special_art,0
A4,200,Jasmine,Ho-Oh,special_art,0
A4,201,Hiker,Ho-Oh,special_art,0
A4,202,Shuckle ex,Lugia,special_art,0
A4,203,Kingdra ex,Lugia,special_art,0
A4,204,Lanturn ex,Lugia,special_art,0
A4,205,Espeon ex,Lugia,special_art,0
A4,206,Donphan ex,Ho-Oh,special_art,0
A4,207,Crobat ex,Ho-Oh,special_art,0
A4,208,Umbreon ex,Ho-Oh,special_art,0
A4,209,Skarmory ex,Ho-Oh,special_art,0
A4,210,Ho-Oh ex,Ho-Oh,immersive_rare,0
A4,211,Lugia ex,Lugia,immersive_rare,0
A4,212,Yanma,Ho-Oh,shiny_rare,0
A4,213,Flareon,Ho-Oh,shiny_rare,0
A4,214,Magikarp,Lugia,shiny_rare,0
A4,215,Gyarados,Lugia,shiny_rare,0
A4,216,Vaporeon,Lugia,shiny_rare,0
A4,217,Magnemite,Lugia,shiny_rare,0
A4,218,Magneton,Lugia,shiny_rare,0
A4,219,Jolteon,Lugia,shiny_rare,0
A4,220,Misdreavus,Ho-Oh,shiny_rare,0
A4,221,Mankey,Ho-Oh,shiny_rare,0
A4,222,Primeape,Ho-Oh,shiny_rare,0
A4,223,Nidoran♀,Lugia,shiny_rare,0
A4,224,Nidorina,Lugia,shiny_rare,0
A4,225,Nidoqueen,Lugia,shiny_rare,0
A4,226,Nidoran♂,Ho-Oh,shiny_rare,0
A4,227,Nidorino,Ho-Oh,shiny_rare,0
A4,228,Nidoking,Ho-Oh,shiny_rare,0
A4,229,Sneasel,Lugia,shiny_rare,0
A4,230,Lickitung,Ho-Oh,shiny_rare,0
A4,231,Eevee,Ho-Oh,shiny_rare,0
A4,232,Yanmega ex,Ho-Oh,double_shiny_rare,0
A4,233,Leafeon ex,Ho-Oh,double_shiny_rare,0
A4,234,Gyarados ex,Lugia,double_shiny_rare,0
A4,235,Glaceon ex,Lugia,double_shiny_rare,0
A4,236,Pachirisu ex,Lugia,double_shiny_rare,0
A4,237,Mismagius ex,Ho-Oh,double_shiny_rare,0
A4,238,Weavile ex,Lugia,double_shiny_rare,0
A4,239,Lickilicky ex,Ho-Oh,double_shiny_rare,0
A4,240,Ho-Oh ex,Ho-Oh|Lugia,crown_rare,0
A4,241,Lugia ex,Ho-Oh|Lugia,crown_rare,0
A4a,001,Hoppip,Suicune,common,0
A4a,002,Skiploom,Suicune,uncommon,0
A4a,003,Jumpluff ex,Suicune,double_rare,0
A4a,004,Sunkern,Suicune,common,0
A4a,005,Sunflora,Suicune,uncommon,0
A4a,006,Celebi,Suicune,rare,0
A4a,007,Durant,Suicune,common,0
A4a,008,Slugma,Suicune,common,0
A4a,009,Magcargo,Suicune,uncommon,0
A4a,010,Entei ex,Suicune,double_rare,0
A4a,011,Fletchinder,Suicune,common,0
A4a,012,Talonflame,Suicune,uncommon,0
A4a,013,Poliwag,Suicune,common,0
A4a,014,Poliwhirl,Suicune,uncommon,0
A4a,015,Tentacool,Suicune,common,0
A4a,016,Tentacruel,Suicune,uncommon,0
A4a,017,Slowpoke,Suicune,common,0
A4a,018,Slowking,Suicune,uncommon,0
A4a,019,Jynx,Suicune,common,0
A4a,020,Suicune ex,Suicune,double_rare,0
A4a,021,Feebas,Suicune,common,0
A4a,022,Milotic,Suicune,rare,0
A4a,023,Mantyke,Suicune,rare,0
A4a,024,Cryogonal,Suicune,common,0
A4a,025,Raikou ex,Suicune,double_rare,0
A4a,026,Tynamo,Suicune,common,0
A4a,027,Eelektrik,Suicune,common,0
A4a,028,Eelektross,Suicune,uncommon,0
A4a,029,Stunfisk,Suicune,common,0
A4a,030,Yamper,Suicune,common,0
A4a,031,Boltund,Suicune,rare,0
A4a,032,Misdreavus,Suicune,common,0
A4a,033,Mismagius,Suicune,uncommon,0
A4a,034,Galarian Corsola,Suicune,common,0
A4a,035,Galarian Cursola,Suicune,rare,0
A4a,036,Latias,Suicune,rare,0
A4a,037,Latios,Suicune,rare,0
A4a,038,Frillish,Suicune,common,0
A4a,039,Jellicent,Suicune,uncommon,0
A4a,040,Diglett,Suicune,common,0
A4a,041,Dugtrio,Suicune,uncommon,0
A4a,042,Poliwrath ex,Suicune,double_rare,0
A4a,043,Phanpy,Suicune,common,0
A4a,044,Donphan,Suicune,uncommon,0
A4a,045,Relicanth,Suicune,common,0
A4a,046,Dwebble,Suicune,common,0
A4a,047,Crustle,Suicune,uncommon,0
A4a,048,Seviper,Suicune,common,0
A4a,049,Zorua,Suicune,common,0
A4a,050,Zoroark,Suicune,rare,0
A4a,051,Inkay,Suicune,common,0
A4a,052,Malamar,Suicune,uncommon,0
A4a,053,Skrelp,Suicune,common,0
A4a,054,Dragalge,Suicune,common,0
A4a,055,Altaria,Suicune,rare,0
A4a,056,Farfetch'd,Suicune,common,0
A4a,057,Lickitung,Suicune,common,0
A4a,058,Lickilicky,Suicune,uncommon,0
A4a,059,Igglybuff,Suicune,rare,0
A4a,060,Teddiursa,Suicune,common,0
A4a,061,Ursaring,Suicune,uncommon,0
A4a,062,Miltank,Suicune,uncommon,0
A4a,063,Azurill,Suicune,rare,0
A4a,064,Swablu,Suicune,common,0
A4a,065,Zangoose,Suicune,uncommon,0
A4a,066,Fletchling,Suicune,common,0
A4a,067,Inflatable Boat,Suicune,uncommon,0
A4a,068,Memory Light,Suicune,uncommon,0
A4a,069,Whitney,Suicune,uncommon,0
A4a,070,Traveling Merchant,Suicune,uncommon,0
A4a,071,Morty,Suicune,uncommon,0
A4a,072,Milotic,Suicune,illustration_rare,0
A4a,073,Stunfisk,Suicune,illustration_rare,0
A4a,074,Yamper,Suicune,illustration_rare,0
A4a,075,Latios,Suicune,illustration_rare,0
A4a,076,Phanpy,Suicune,illustration_rare,0
A4a,077,Azurill,Suicune,illustration_rare,0
A4a,078,Jumpluff ex,Suicune,special_art,0
A4a,079,Entei ex,Suicune,special_art,0
A4a,080,Suicune ex,Suicune,special_art,0
A4a,081,Raikou ex,Suicune,special_art,0
A4a,082,Poliwrath ex,Suicune,special_art,0
A4a,083,Whitney,Suicune,special_art,0
A4a,084,Traveling Merchant,Suicune,special_art,0
A4a,085,Morty,Suicune,special_art,0
A4a,086,Jumpluff ex,Suicune,special_art,0
A4a,087,Entei ex,Suicune,special_art,0
A4a,088,Suicune ex,Suicune,special_art,0
A4a,089,Poliwrath ex,Suicune,special_art,0
A4a,090,Suicune ex,Suicune,immersive_rare,0
A4a,091,Chimchar,Suicune,shiny_rare,0
A4a,092,Monferno,Suicune,shiny_rare,0
A4a,093,Psyduck,Suicune,shiny_rare,0
A4a,094,Golduck,Suicune,shiny_rare,0
A4a,095,Krabby,Suicune,shiny_rare,0
A4a,096,Kingler,Suicune,shiny_rare,0
A4a,097,Pyukumuku,Suicune,shiny_rare,0
A4a,098,Gible,Suicune,shiny_rare,0
A4a,099,Gabite,Suicune,shiny_rare,0
A4a,100,Paldean Wooper,Suicune,shiny_rare,0
A4a,101,Infernape ex,Suicune,double_shiny_rare,0
A4a,102,Mew ex,Suicune,double_shiny_rare,0
A4a,103,Garchomp ex,Suicune,double_shiny_rare,0
A4a,104,Paldean Clodsire ex,Suicune,double_shiny_rare,0
A4a,105,Mantyke,Suicune,crown_rare,0
A4b,001,Bulbasaur,Deluxepack,common,0
A4b,002,Bulbasaur,Deluxepack,common,1
A4b,003,Ivysaur,Deluxepack,uncommon,0
A4b,004,Ivysaur,Deluxepack,uncommon,1
A4b,005,Venusaur ex,Deluxepack,double_rare,0
A4b,006,Weedle,Deluxepack,common,0
A4b,007,Weedle,Deluxepack,common,1
A4b,008,Kakuna,Deluxepack,uncommon,0
A4b,009,Kakuna,Deluxepack,uncommon,1
A4b,010,Beedrill ex,Deluxepack,double_rare,0
A4b,011,Exeggcute,Deluxepack,common,0
A4b,012,Exeggcute,Deluxepack,common,1
A4b,013,Exeggutor ex,Deluxepack,double_rare,0
A4b,014,Hoppip,Deluxepack,common,0
A4b,015,Hoppip,Deluxepack,common,1
A4b,016,Skiploom,Deluxepack,uncommon,0
A4b,017,Skiploom,Deluxepack,uncommon,1
A4b,018,Jumpluff,Deluxepack,rare,0
A4b,019,Jumpluff,Deluxepack,rare,1
A4b,020,Yanma,Deluxepack,common,0
A4b,021,Yanma,Deluxepack,common,1
A4b,022,Yanmega ex,Deluxepack,double_rare,0
A4b,023,Shuckle ex,Deluxepack,double_rare,0
A4b,024,Celebi ex,Deluxepack,double_rare,0
A4b,025,Cherubi,Deluxepack,common,0
A4b,026,Cherubi,Deluxepack,common,1
A4b,027,Cherrim,Deluxepack,uncommon,0
A4b,028,Cherrim,Deluxepack,uncommon,1
A4b,029,Leafeon ex,Deluxepack,double_rare,0
A4b,030,Shaymin,Deluxepack,rare,0
A4b,031,Shaymin,Deluxepack,rare,1
A4b,032,Snivy,Deluxepack,common,0
A4b,033,Snivy,Deluxepack,common,1
A4b,034,Servine,Deluxepack,uncommon,0
A4b,035,Servine,Deluxepack,uncommon,1
A4b,036,Serperior,Deluxepack,rare,0
A4b,037,Serperior,Deluxepack,rare,1
A4b,038,Rowlet,Deluxepack,common,0
A4b,039,Rowlet,Deluxepack,common,1
A4b,040,Dartrix,Deluxepack,uncommon,0
A4b,041,Dartrix,Deluxepack,uncommon,1
A4b,042,Decidueye ex,Deluxepack,double_rare,0
A4b,043,Dhelmise ex,Deluxepack,double_rare,0
A4b,044,Buzzwole ex,Deluxepack,double_rare,0
A4b,045,Pheromosa,Deluxepack,uncommon,0
A4b,046,Pheromosa,Deluxepack,uncommon,1
A4b,047,Kartana,Deluxepack,common,0
A4b,048,Kartana,Deluxepack,common,1
A4b,049,Sprigatito,Deluxepack,common,0
A4b,050,Sprigatito,Deluxepack,common,1
A4b,051,Floragato,Deluxepack,uncommon,0
A4b,052,Floragato,Deluxepack,uncommon,1
A4b,053,Meowscarada,Deluxepack,rare,0
A4b,054,Meowscarada,Deluxepack,rare,1
A4b,055,Charmander,Deluxepack,common,0
A4b,056,Charmander,Deluxepack,common,1
A4b,057,Charmeleon,Deluxepack,uncommon,0
A4b,058,Charmeleon,Deluxepack,uncommon,1
A4b,059,Charizard ex,Deluxepack,double_rare,0
A4b,060,Charizard ex,Deluxepack,double_rare,0
A4b,061,Growlithe,Deluxepack,common,0
A4b,062,Growlithe,Deluxepack,common,1
A4b,063,Arcanine ex,Deluxepack,double_rare,0
A4b,064,Flareon,Deluxepack,rare,0
A4b,065,Flareon,Deluxepack,rare,1
A4b,066,Flareon ex,Deluxepack,double_rare,0
A4b,067,Moltres ex,Deluxepack,double_rare,0
A4b,068,Ho-Oh ex,Deluxepack,double_rare,0
A4b,069,Torkoal,Deluxepack,common,0
A4b,070,Torkoal,Deluxepack,common,1
A4b,071,Chimchar,Deluxepack,common,0
A4b,072,Chimchar,Deluxepack,common,1
A4b,073,Monferno,Deluxepack,uncommon,0
A4b,074,Monferno,Deluxepack,uncommon,1
A4b,075,Infernape ex,Deluxepack,double_rare,0
A4b,076,Heatran,Deluxepack,rare,0
A4b,077,Heatran,Deluxepack,rare,1
A4b,078,Litten,Deluxepack,common,0
A4b,079,Litten,Deluxepack,common,1
A4b,080,Torracat,Deluxepack,uncommon,0
A4b,081,Torracat,Deluxepack,uncommon,1
A4b,082,Incineroar ex,Deluxepack,double_rare,0
A4b,083,Squirtle,Deluxepack,common,0
A4b,084,Squirtle,Deluxepack,common,1
A4b,085,Wartortle,Deluxepack,uncommon,0
A4b,086,Wartortle,Deluxepack,uncommon,1
A4b,087,Blastoise ex,Deluxepack,double_rare,0
A4b,088,Horsea,Deluxepack,common,0
A4b,089,Horsea,Deluxepack,common,1
A4b,090,Seadra,Deluxepack,uncommon,0
A4b,091,Seadra,Deluxepack,uncommon,1
A4b,092,Kingdra ex,Deluxepack,double_rare,0
A4b,093,Staryu,Deluxepack,common,0
A4b,094,Staryu,Deluxepack,common,1
A4b,095,Starmie ex,Deluxepack,double_rare,0
A4b,096,Magikarp,Deluxepack,common,0
A4b,097,Magikarp,Deluxepack,common,1
A4b,098,Gyarados ex,Deluxepack,double_rare,0
A4b,099,Vaporeon,Deluxepack,rare,0
A4b,100,Vaporeon,Deluxepack,rare,1
A4b,101,Articuno ex,Deluxepack,double_rare,0
A4b,102,Corphish,Deluxepack,common,0
A4b,103,Corphish,Deluxepack,common,1
A4b,104,Crawdaunt,Deluxepack,rare,0
A4b,105,Crawdaunt,Deluxepack,rare,1
A4b,106,Glaceon ex,Deluxepack,double_rare,0
A4b,107,Palkia ex,Deluxepack,double_rare,0
A4b,108,Manaphy,Deluxepack,uncommon,0
A4b,109,Manaphy,Deluxepack,uncommon,1
A4b,110,Froakie,Deluxepack,common,0
A4b,111,Froakie,Deluxepack,common,1
A4b,112,Frogadier,Deluxepack,uncommon,0
A4b,113,Frogadier,Deluxepack,uncommon,1
A4b,114,Greninja,Deluxepack,rare,0
A4b,115,Greninja,Deluxepack,rare,1
A4b,116,Popplio,Deluxepack,common,0
A4b,117,Popplio,Deluxepack,common,1
A4b,118,Brionne,Deluxepack,common,0
A4b,119,Brionne,Deluxepack,common,1
A4b,120,Primarina ex,Deluxepack,double_rare,0
A4b,121,Crabominable ex,Deluxepack,double_rare,0
A4b,122,Wishiwashi,Deluxepack,common,0
A4b,123,Wishiwashi,Deluxepack,common,1
A4b,124,Wishiwashi ex,Deluxepack,double_rare,0
A4b,125,Wiglett,Deluxepack,common,0
A4b,126,Wiglett,Deluxepack,common,1
A4b,127,Wugtrio ex,Deluxepack,double_rare,0
A4b,128,Pikachu,Deluxepack,common,0
A4b,129,Pikachu,Deluxepack,common,1
A4b,130,Alolan Raichu ex,Deluxepack,double_rare,0
A4b,131,Pikachu ex,Deluxepack,double_rare,0
A4b,132,Pikachu ex,Deluxepack,double_rare,0
A4b,133,Magnemite,Deluxepack,common,0
A4b,134,Magnemite,Deluxepack,common,1
A4b,135,Magneton,Deluxepack,rare,0
A4b,136,Magneton,Deluxepack,rare,1
A4b,137,Magnezone,Deluxepack,rare,0
A4b,138,Magnezone,Deluxepack,rare,1
A4b,139,Zapdos ex,Deluxepack,double_rare,0
A4b,140,Chinchou,Deluxepack,common,0
A4b,141,Chinchou,Deluxepack,common,1
A4b,142,Lanturn ex,Deluxepack,double_rare,0
A4b,143,Pachirisu,Deluxepack,uncommon,0
A4b,144,Pachirisu,Deluxepack,uncommon,1
A4b,145,Pachirisu ex,Deluxepack,double_rare,0
A4b,146,Oricorio,Deluxepack,rare,0
A4b,147,Oricorio,Deluxepack,rare,1
A4b,148,Tapu Koko ex,Deluxepack,double_rare,0
A4b,149,Zeraora,Deluxepack,rare,0
A4b,150,Zeraora,Deluxepack,rare,1
A4b,151,Gastly,Deluxepack,common,0
A4b,152,Gastly,Deluxepack,common,1
A4b,153,Haunter,Deluxepack,uncommon,0
A4b,154,Haunter,Deluxepack,uncommon,1
A4b,155,Gengar ex,Deluxepack,double_rare,0
A4b,156,Jynx,Deluxepack,common,0
A4b,157,Jynx,Deluxepack,common,1
A4b,158,Mewtwo ex,Deluxepack,double_rare,0
A4b,159,Mew ex,Deluxepack,double_rare,0
A4b,160,Espeon ex,Deluxepack,double_rare,0
A4b,161,Misdreavus,Deluxepack,common,0
A4b,162,Misdreavus,Deluxepack,common,1
A4b,163,Mismagius ex,Deluxepack,double_rare,0
A4b,164,Ralts,Deluxepack,common,0
A4b,165,Ralts,Deluxepack,common,1
A4b,166,Kirlia,Deluxepack,common,0
A4b,167,Kirlia,Deluxepack,common,1
A4b,168,Gardevoir,Deluxepack,rare,0
A4b,169,Gardevoir,Deluxepack,rare,1
A4b,170,Giratina,Deluxepack,rare,0
A4b,171,Giratina,Deluxepack,rare,1
A4b,172,Giratina ex,Deluxepack,double_rare,0
A4b,173,Swirlix,Deluxepack,common,0
A4b,174,Swirlix,Deluxepack,common,1
A4b,175,Slurpuff,Deluxepack,uncommon,0
A4b,176,Slurpuff,Deluxepack,uncommon,1
A4b,177,Sylveon ex,Deluxepack,double_rare,0
A4b,178,Oricorio,Deluxepack,uncommon,0
A4b,179,Oricorio,Deluxepack,uncommon,1
A4b,180,Cosmog,Deluxepack,common,0
A4b,181,Cosmog,Deluxepack,common,1
A4b,182,Cosmoem,Deluxepack,uncommon,0
A4b,183,Cosmoem,Deluxepack,uncommon,1
A4b,184,Lunala ex,Deluxepack,double_rare,0
A4b,185,Milcery,Deluxepack,common,0
A4b,186,Milcery,Deluxepack,common,1
A4b,187,Alcremie,Deluxepack,uncommon,0
A4b,188,Alcremie,Deluxepack,uncommon,1
A4b,189,Machop,Deluxepack,common,0
A4b,190,Machop,Deluxepack,common,1
A4b,191,Machoke,Deluxepack,uncommon,0
A4b,192,Machoke,Deluxepack,uncommon,1
A4b,193,Machamp ex,Deluxepack,double_rare,0
A4b,194,Cubone,Deluxepack,common,0
A4b,195,Cubone,Deluxepack,common,1
A4b,196,Marowak ex,Deluxepack,double_rare,0
A4b,197,Aerodactyl ex,Deluxepack,double_rare,0
A4b,198,Sudowoodo,Deluxepack,uncommon,0
A4b,199,Sudowoodo,Deluxepack,uncommon,1
A4b,200,Phanpy,Deluxepack,common,0
A4b,201,Phanpy,Deluxepack,common,1
A4b,202,Donphan ex,Deluxepack,double_rare,0
A4b,203,Nosepass,Deluxepack,common,0
A4b,204,Nosepass,Deluxepack,common,1
A4b,205,Gible,Deluxepack,common,0
A4b,206,Gible,Deluxepack,common,1
A4b,207,Gabite,Deluxepack,common,0
A4b,208,Gabite,Deluxepack,common,1
A4b,209,Garchomp ex,Deluxepack,double_rare,0
A4b,210,Riolu,Deluxepack,common,0
A4b,211,Riolu,Deluxepack,common,1
A4b,212,Lucario,Deluxepack,rare,0
A4b,213,Lucario,Deluxepack,rare,1
A4b,214,Lucario ex,Deluxepack,double_rare,0
A4b,215,Gallade ex,Deluxepack,double_rare,0
A4b,216,Drilbur,Deluxepack,common,0
A4b,217,Drilbur,Deluxepack,common,1
A4b,218,Crabrawler,Deluxepack,common,0
A4b,219,Crabrawler,Deluxepack,common,1
A4b,220,Rockruff,Deluxepack,common,0
A4b,221,Rockruff,Deluxepack,common,1
A4b,222,Lycanroc ex,Deluxepack,double_rare,0
A4b,223,Passimian ex,Deluxepack,double_rare,0
A4b,224,Marshadow,Deluxepack,rare,0
A4b,225,Marshadow,Deluxepack,rare,1
A4b,226,Zubat,Deluxepack,common,0
A4b,227,Zubat,Deluxepack,common,1
A4b,228,Golbat,Deluxepack,common,0
A4b,229,Golbat,Deluxepack,common,1
A4b,230,Crobat,Deluxepack,rare,0
A4b,231,Crobat,Deluxepack,rare,1
A4b,232,Crobat ex,Deluxepack,double_rare,0
A4b,233,Alolan Grimer,Deluxepack,common,0
A4b,234,Alolan Grimer,Deluxepack,common,1
A4b,235,Alolan Muk ex,Deluxepack,double_rare,0
A4b,236,Paldean Wooper,Deluxepack,common,0
A4b,237,Paldean Wooper,Deluxepack,common,1
A4b,238,Paldean Clodsire ex,Deluxepack,double_rare,0
A4b,239,Umbreon,Deluxepack,rare,0
A4b,240,Umbreon,Deluxepack,rare,1
A4b,241,Umbreon ex,Deluxepack,double_rare,0
A4b,242,Sneasel,Deluxepack,common,0
A4b,243,Sneasel,Deluxepack,common,1
A4b,244,Weavile ex,Deluxepack,double_rare,0
A4b,245,Darkrai ex,Deluxepack,double_rare,0
A4b,246,Nihilego,Deluxepack,rare,0
A4b,247,Nihilego,Deluxepack,rare,1
A4b,248,Guzzlord ex,Deluxepack,double_rare,0
A4b,249,Alolan Diglett,Deluxepack,common,0
A4b,250,Alolan Diglett,Deluxepack,common,1
A4b,251,Alolan Dugtrio ex,Deluxepack,double_rare,0
A4b,252,Skarmory ex,Deluxepack,double_rare,0
A4b,253,Probopass ex,Deluxepack,double_rare,0
A4b,254,Dialga ex,Deluxepack,double_rare,0
A4b,255,Excadrill,Deluxepack,uncommon,0
A4b,256,Excadrill,Deluxepack,uncommon,1
A4b,257,Klefki,Deluxepack,rare,0
A4b,258,Klefki,Deluxepack,rare,1
A4b,259,Solgaleo ex,Deluxepack,double_rare,0
A4b,260,Magearna,Deluxepack,rare,0
A4b,261,Magearna,Deluxepack,rare,1
A4b,262,Tinkatink,Deluxepack,common,0
A4b,263,Tinkatink,Deluxepack,common,1
A4b,264,Tinkatuff,Deluxepack,uncommon,0
A4b,265,Tinkatuff,Deluxepack,uncommon,1
A4b,266,Tinkaton ex,Deluxepack,double_rare,0
A4b,267,Dratini,Deluxepack,common,0
A4b,268,Dratini,Deluxepack,common,1
A4b,269,Dragonair,Deluxepack,common,0
A4b,270,Dragonair,Deluxepack,common,1
A4b,271,Dragonite ex,Deluxepack,double_rare,0
A4b,272,Pidgey,Deluxepack,common,0
A4b,273,Pidgey,Deluxepack,common,1
A4b,274,Pidgeotto,Deluxepack,common,0
A4b,275,Pidgeotto,Deluxepack,common,1
A4b,276,Pidgeot ex,Deluxepack,double_rare,0
A4b,277,Jigglypuff,Deluxepack,common,0
A4b,278,Jigglypuff,Deluxepack,common,1
A4b,279,Wigglytuff ex,Deluxepack,double_rare,0
A4b,280,Farfetch'd,Deluxepack,common,0
A4b,281,Farfetch'd,Deluxepack,common,1
A4b,282,Lickitung,Deluxepack,common,0
A4b,283,Lickitung,Deluxepack,common,1
A4b,284,Lickilicky ex,Deluxepack,double_rare,0
A4b,285,Eevee,Deluxepack,common,0
A4b,286,Eevee,Deluxepack,common,1
A4b,287,Eevee ex,Deluxepack,double_rare,0
A4b,288,Snorlax ex,Deluxepack,double_rare,0
A4b,289,Lugia ex,Deluxepack,double_rare,0
A4b,290,Skitty,Deluxepack,common,0
A4b,291,Skitty,Deluxepack,common,1
A4b,292,Delcatty,Deluxepack,uncommon,0
A4b,293,Delcatty,Deluxepack,uncommon,1
A4b,294,Bidoof,Deluxepack,common,0
A4b,295,Bidoof,Deluxepack,common,1
A4b,296,Bibarel ex,Deluxepack,double_rare,0
A4b,297,Shaymin,Deluxepack,rare,0
A4b,298,Shaymin,Deluxepack,rare,1
A4b,299,Arceus ex,Deluxepack,double_rare,0
A4b,300,Type: Null,Deluxepack,uncommon,0
A4b,301,Type: Null,Deluxepack,uncommon,1
A4b,302,Silvally,Deluxepack,rare,0
A4b,303,Silvally,Deluxepack,rare,1
A4b,304,Celesteela,Deluxepack,rare,0
A4b,305,Celesteela,Deluxepack,rare,1
A4b,306,Cyclizar,Deluxepack,uncommon,0
A4b,307,Cyclizar,Deluxepack,uncommon,1
A4b,308,Eevee Bag,Deluxepack,uncommon,0
A4b,309,Eevee Bag,Deluxepack,uncommon,1
A4b,310,Elemental Switch,Deluxepack,uncommon,0
A4b,311,Elemental Switch,Deluxepack,uncommon,1
A4b,312,Old Amber,Deluxepack,common,0
A4b,313,Old Amber,Deluxepack,common,1
A4b,314,Rare Candy,Deluxepack,uncommon,0
A4b,315,Rare Candy,Deluxepack,uncommon,1
A4b,316,Pokémon Communication,Deluxepack,uncommon,0
A4b,317,Pokémon Communication,Deluxepack,uncommon,1
A4b,318,Electrical Cord,Deluxepack,uncommon,0
A4b,319,Electrical Cord,Deluxepack,uncommon,1
A4b,320,Giant Cape,Deluxepack,uncommon,0
A4b,321,Giant Cape,Deluxepack,uncommon,1
A4b,322,Rocky Helmet,Deluxepack,uncommon,0
A4b,323,Rocky Helmet,Deluxepack,uncommon,1
A4b,324,Leaf Cape,Deluxepack,uncommon,0
A4b,325,Leaf Cape,Deluxepack,uncommon,1
A4b,326,Cyrus,Deluxepack,uncommon,0
A4b,327,Cyrus,Deluxepack,uncommon,1
A4b,328,Erika,Deluxepack,uncommon,0
A4b,329,Erika,Deluxepack,uncommon,1
A4b,330,Irida,Deluxepack,uncommon,0
A4b,331,Irida,Deluxepack,uncommon,1
A4b,332,Lyra,Deluxepack,uncommon,0
A4b,333,Lyra,Deluxepack,uncommon,1
A4b,334,Giovanni,Deluxepack,uncommon,0
A4b,335,Giovanni,Deluxepack,uncommon,1
A4b,336,Silver,Deluxepack,uncommon,0
A4b,337,Silver,Deluxepack,uncommon,1
A4b,338,Sabrina,Deluxepack,uncommon,0
A4b,339,Sabrina,Deluxepack,uncommon,1
A4b,340,Iono,Deluxepack,uncommon,0
A4b,341,Iono,Deluxepack,uncommon,1
A4b,342,Dawn,Deluxepack,uncommon,0
A4b,343,Dawn,Deluxepack,uncommon,1
A4b,344,Mars,Deluxepack,uncommon,0
A4b,345,Mars,Deluxepack,uncommon,1
A4b,346,Leaf,Deluxepack,uncommon,0
A4b,347,Leaf,Deluxepack,uncommon,1
A4b,348,Lillie,Deluxepack,uncommon,0
A4b,349,Lillie,Deluxepack,uncommon,1
A4b,350,Lusamine,Deluxepack,uncommon,0
A4b,351,Lusamine,Deluxepack,uncommon,1
A4b,352,Red,Deluxepack,uncommon,0
A4b,353,Red,Deluxepack,uncommon,1
A4b,354,Floragato,Deluxepack,illustration_rare,0
A4b,355,Crawdaunt,Deluxepack,illustration_rare,0
A4b,356,Greninja,Deluxepack,illustration_rare,0
A4b,357,Gardevoir,Deluxepack,illustration_rare,0
A4b,358,Slurpuff,Deluxepack,illustration_rare,0
A4b,359,Farfetch'd,Deluxepack,illustration_rare,0
A4b,360,Buzzwole ex,Deluxepack,special_art,0
A4b,361,Charizard ex,Deluxepack,special_art,0
A4b,362,Ho-Oh ex,Deluxepack,special_art,0
A4b,363,Palkia ex,Deluxepack,special_art,0
A4b,364,Pikachu ex,Deluxepack,special_art,0
A4b,365,Mewtwo ex,Deluxepack,special_art,0
A4b,366,Mew ex,Deluxepack,special_art,0
A4b,367,Lunala ex,Deluxepack,special_art,0
A4b,368,Dialga ex,Deluxepack,special_art,0
A4b,369,Solgaleo ex,Deluxepack,special_art,0
A4b,370,Eevee ex,Deluxepack,special_art,0
A4b,371,Lugia ex,Deluxepack,special_art,0
A4b,372,Arceus ex,Deluxepack,special_art,0
A4b,373,Professor's Research,Deluxepack,special_art,0
A4b,374,Lillie,Deluxepack,special_art,0
A4b,375,Lusamine,Deluxepack,special_art,0
A4b,376,Pikachu ex,Deluxepack,immersive_rare,0
A4b,377,Giratina ex,Deluxepack,double_shiny_rare,0
A4b,378,Darkrai ex,Deluxepack,double_shiny_rare,0
A4b,379,Rare Candy,Deluxepack,crown_rare,0
B1,001,Pinsir,Blaziken,common,0
B1,002,Mega Pinsir ex,Blaziken,double_rare,0
B1,003,Wurmple,Blaziken,common,0
B1,004,Silcoon,Blaziken,common,0
B1,005,Beautifly,Blaziken,rare,0
B1,006,Cascoon,Blaziken,common,0
B1,007,Dustox,Blaziken,rare,0
B1,008,Seedot,Blaziken,common,0
B1,009,Nuzleaf,Blaziken,uncommon,0
B1,010,Shiftry,Blaziken,rare,0
B1,011,Shroomish,Blaziken|Gyarados|Altaria,common,0
B1,012,Breloom,Blaziken|Gyarados|Altaria,uncommon,0
B1,013,Pansage,Gyarados,common,0
B1,014,Simisage,Gyarados,common,0
B1,015,Cottonee,Altaria,common,0
B1,016,Whimsicott ex,Altaria,double_rare,0
B1,017,Petilil,Altaria,common,0
B1,018,Lilligant,Altaria,rare,0
B1,019,Maractus,Blaziken|Gyarados|Altaria,common,0
B1,020,Virizion,Altaria,rare,0
B1,021,Skiddo,Altaria,common,0
B1,022,Gogoat,Altaria,common,0
B1,023,Phantump,Blaziken|Gyarados|Altaria,common,0
B1,024,Trevenant,Blaziken|Gyarados|Altaria,uncommon,0
B1,025,Grookey,Altaria,common,0
B1,026,Thwackey,Altaria,uncommon,0
B1,027,Rillaboom,Altaria,rare,0
B1,028,Growlithe,Blaziken,common,0
B1,029,Arcanine,Blaziken,uncommon,0
B1,030,Ponyta,Blaziken,common,0
B1,031,Rapidash ex,Blaziken,double_rare,0
B1,032,Ho-Oh,Blaziken,rare,0
B1,033,Torchic,Blaziken,common,0
B1,034,Combusken,Blaziken,uncommon,0
B1,035,Blaziken,Blaziken,rare,0
B1,036,Mega Blaziken ex,Blaziken,double_rare,0
B1,037,Pansear,Blaziken,common,0
B1,038,Simisear,Blaziken,common,0
B1,039,Darumaka,Gyarados,common,0
B1,040,Darmanitan,Gyarados,uncommon,0
B1,041,Litwick,Altaria,common,0
B1,042,Lampent,Altaria,uncommon,0
B1,043,Chandelure,Altaria,rare,0
B1,044,Heatmor,Blaziken|Gyarados|Altaria,common,0
B1,045,Litleo,Blaziken,common,0
B1,046,Pyroar,Blaziken,rare,0
B1,047,Turtonator,Gyarados,uncommon,0
B1,048,Psyduck,Blaziken,common,0
B1,049,Golduck,Blaziken,common,0
B1,050,Magikarp,Gyarados,common,0
B1,051,Gyarados,Gyarados,rare,0
B1,052,Mega Gyarados ex,Gyarados,double_rare,0
B1,053,Lotad,Altaria,common,0
B1,054,Lombre,Altaria,uncommon,0
B1,055,Ludicolo,Altaria,rare,0
B1,056,Wailmer,Gyarados,common,0
B1,057,Wailord,Gyarados,rare,0
B1,058,Corphish,Blaziken|Gyarados|Altaria,common,0
B1,059,Crawdaunt,Blaziken|Gyarados|Altaria,uncommon,0
B1,060,Luvdisc,Altaria,common,0
B1,061,Panpour,Altaria,common,0
B1,062,Simipour,Altaria,common,0
B1,063,Tympole,Blaziken|Gyarados|Altaria,common,0
B1,064,Palpitoad,Blaziken|Gyarados|Altaria,common,0
B1,065,Seismitoad,Blaziken|Gyarados|Altaria,uncommon,0
B1,066,Tirtouga,Gyarados,uncommon,0
B1,067,Carracosta,Gyarados,rare,0
B1,068,Frillish,Gyarados,common,0
B1,069,Jellicent,Gyarados,rare,0
B1,070,Keldeo,Blaziken,rare,0
B1,071,Froakie,Gyarados,common,0
B1,072,Frogadier,Gyarados,uncommon,0
B1,073,Greninja ex,Gyarados,double_rare,0
B1,074,Bergmite,Gyarados,common,0
B1,075,Avalugg,Gyarados,uncommon,0
B1,076,Chewtle,Gyarados,common,0
B1,077,Drednaw,Gyarados,uncommon,0
B1,078,Arrokuda,Gyarados,common,0
B1,079,Barraskewda,Gyarados,uncommon,0
B1,080,Eiscue,Altaria,rare,0
B1,081,Jolteon ex,Gyarados,double_rare,0
B1,082,Mareep,Altaria,common,0
B1,083,Flaaffy,Altaria,uncommon,0
B1,084,Ampharos,Altaria,rare,0
B1,085,Mega Ampharos ex,Altaria,double_rare,0
B1,086,Shinx,Blaziken,common,0
B1,087,Luxio,Blaziken,uncommon,0
B1,088,Luxray,Blaziken,rare,0
B1,089,Pachirisu,Blaziken|Gyarados|Altaria,common,0
B1,090,Blitzle,Blaziken,common,0
B1,091,Zebstrika,Blaziken,uncommon,0
B1,092,Joltik,Blaziken|Gyarados|Altaria,common,0
B1,093,Galvantula,Blaziken|Gyarados|Altaria,uncommon,0
B1,094,Dedenne,Altaria,common,0
B1,095,Yamper,Altaria,common,0
B1,096,Boltund,Altaria,uncommon,0
B1,097,Natu,Blaziken|Gyarados|Altaria,common,0
B1,098,Xatu,Blaziken|Gyarados|Altaria,uncommon,0
B1,099,Misdreavus,Blaziken|Gyarados|Altaria,common,0
B1,100,Mismagius,Blaziken|Gyarados|Altaria,uncommon,0
B1,101,Sableye,Altaria,common,0
B1,102,Mega Altaria ex,Altaria,double_rare,0
B1,103,Duskull,Blaziken,common,0
B1,104,Dusclops,Blaziken,uncommon,0
B1,105,Dusknoir,Blaziken,rare,0
B1,106,Jirachi,Altaria,rare,0
B1,107,Drifloon,Altaria,common,0
B1,108,Drifblim,Altaria,uncommon,0
B1,109,Chingling,Blaziken|Gyarados|Altaria,rare,0
B1,110,Yamask,Gyarados,common,0
B1,111,Cofagrigus,Gyarados,rare,0
B1,112,Gothita,Altaria,common,0
B1,113,Gothorita,Altaria,uncommon,0
B1,114,Gothitelle,Altaria,rare,0
B1,115,Spritzee,Blaziken|Gyarados|Altaria,common,0
B1,116,Aromatisse,Blaziken|Gyarados|Altaria,uncommon,0
B1,117,Swirlix,Altaria,common,0
B1,118,Slurpuff,Altaria,uncommon,0
B1,119,Carbink,Altaria,common,0
B1,120,Klefki,Gyarados,rare,0
B1,121,Indeedee ex,Altaria,double_rare,0
B1,122,Sandshrew,Blaziken|Gyarados|Altaria,common,0
B1,123,Sandslash,Blaziken|Gyarados|Altaria,uncommon,0
B1,124,Hitmonchan ex,Blaziken,double_rare,0
B1,125,Sudowoodo,Blaziken|Gyarados|Altaria,common,0
B1,126,Makuhita,Blaziken,common,0
B1,127,Hariyama,Blaziken,uncommon,0
B1,128,Hippopotas,Gyarados,common,0
B1,129,Hippowdon,Gyarados,uncommon,0
B1,130,Sandile,Gyarados,common,0
B1,131,Krokorok,Gyarados,uncommon,0
B1,132,Krookodile,Gyarados,rare,0
B1,133,Archen,Blaziken,uncommon,0
B1,134,Archeops,Blaziken,rare,0
B1,135,Golett,Blaziken,common,0
B1,136,Golurk,Blaziken,rare,0
B1,137,Terrakion,Gyarados,rare,0
B1,138,Pancham,Gyarados,common,0
B1,139,Crabrawler,Blaziken,common,0
B1,140,Crabominable,Blaziken,uncommon,0
B1,141,Stufful,Blaziken,common,0
B1,142,Bewear,Blaziken,uncommon,0
B1,143,Sandygast,Blaziken|Gyarados|Altaria,common,0
B1,144,Palossand,Blaziken|Gyarados|Altaria,uncommon,0
B1,145,Rolycoly,Gyarados,common,0
B1,146,Carkol,Gyarados,uncommon,0
B1,147,Coalossal,Gyarados,rare,0
B1,148,Murkrow,Gyarados,common,0
B1,149,Honchkrow,Gyarados,rare,0
B1,150,Absol,Gyarados,uncommon,0
B1,151,Mega Absol ex,Gyarados,double_rare,0
B1,152,Skorupi,Gyarados,common,0
B1,153,Drapion,Gyarados,uncommon,0
B1,154,Darkrai,Altaria,rare,0
B1,155,Deino,Gyarados,common,0
B1,156,Zweilous,Gyarados,uncommon,0
B1,157,Hydreigon,Gyarados,rare,0
B1,158,Pangoro,Gyarados,rare,0
B1,159,Skrelp,Blaziken,common,0
B1,160,Dragalge ex,Blaziken,double_rare,0
B1,161,Mareanie,Blaziken|Gyarados|Altaria,common,0
B1,162,Toxapex,Blaziken|Gyarados|Altaria,uncommon,0
B1,163,Impidimp,Altaria,common,0
B1,164,Morgrem,Altaria,uncommon,0
B1,165,Grimmsnarl,Altaria,rare,0
B1,166,Ferroseed,Blaziken|Gyarados|Altaria,common,0
B1,167,Ferrothorn,Blaziken|Gyarados|Altaria,uncommon,0
B1,168,Durant,Blaziken|Gyarados|Altaria,common,0
B1,169,Cobalion,Blaziken,rare,0
B1,170,Honedge,Blaziken,common,0
B1,171,Doublade,Blaziken,uncommon,0
B1,172,Aegislash,Blaziken,rare,0
B1,173,Meltan,Gyarados,common,0
B1,174,Melmetal ex,Gyarados,double_rare,0
B1,175,Corviknight,Blaziken,rare,0
B1,176,Druddigon,Gyarados,common,0
B1,177,Goomy,Altaria,common,0
B1,178,Sliggoo,Altaria,uncommon,0
B1,179,Goodra,Altaria,rare,0
B1,180,Pidgey,Blaziken|Gyarados|Altaria,common,0
B1,181,Pidgeotto,Blaziken|Gyarados|Altaria,common,0
B1,182,Pidgeot,Blaziken|Gyarados|Altaria,uncommon,0
B1,183,Tauros ex,Altaria,double_rare,0
B1,184,Eevee,Gyarados,common,0
B1,185,Aipom,Altaria,common,0
B1,186,Ambipom,Altaria,uncommon,0
B1,187,Miltank,Blaziken|Gyarados|Altaria,common,0
B1,188,Zigzagoon,Blaziken|Gyarados|Altaria,common,0
B1,189,Linoone,Blaziken|Gyarados|Altaria,uncommon,0
B1,190,Whismur,Gyarados,common,0
B1,191,Loudred,Gyarados,common,0
B1,192,Exploud,Gyarados,rare,0
B1,193,Skitty,Gyarados,common,0
B1,194,Delcatty,Gyarados,rare,0
B1,195,Spinda,Altaria,common,0
B1,196,Swablu,Altaria,common,0
B1,197,Altaria,Altaria,rare,0
B1,198,Chatot,Blaziken|Gyarados|Altaria,common,0
B1,199,Patrat,Blaziken|Gyarados|Altaria,common,0
B1,200,Watchog,Blaziken|Gyarados|Altaria,uncommon,0
B1,201,Lillipup,Altaria,common,0
B1,202,Herdier,Altaria,uncommon,0
B1,203,Stoutland,Altaria,rare,0
B1,204,Rufflet,Blaziken,common,0
B1,205,Braviary,Blaziken,uncommon,0
B1,206,Furfrou,Blaziken,uncommon,0
B1,207,Furfrou,Altaria,uncommon,0
B1,208,Furfrou,Gyarados,uncommon,0
B1,209,Rookidee,Blaziken,common,0
B1,210,Corvisquire,Blaziken,uncommon,0
B1,211,Wooloo,Altaria,common,0
B1,212,Dubwool,Altaria,uncommon,0
B1,213,Prank Spinner,Blaziken,uncommon,0
B1,214,Plume Fossil,Blaziken,common,0
B1,215,Hitting Hammer,Gyarados,uncommon,0
B1,216,Cover Fossil,Gyarados,common,0
B1,217,Flame Patch,Blaziken,uncommon,0
B1,218,Sitrus Berry,Altaria,uncommon,0
B1,219,Heavy Helmet,Gyarados,uncommon,0
B1,220,Lucky Mittens,Altaria,uncommon,0
B1,221,Marlon,Gyarados,uncommon,0
B1,222,Hala,Blaziken,uncommon,0
B1,223,May,Blaziken,uncommon,0
B1,224,Fantina,Altaria,uncommon,0
B1,225,Copycat,Gyarados,uncommon,0
B1,226,Lisia,Altaria,uncommon,0
B1,227,Beautifly,Blaziken,illustration_rare,0
B1,228,Skiddo,Altaria,illustration_rare,0
B1,229,Rillaboom,Altaria,illustration_rare,0
B1,230,Growlithe,Blaziken,illustration_rare,0
B1,231,Chandelure,Altaria,illustration_rare,0
B1,232,Magikarp,Gyarados,illustration_rare,0
B1,233,Ludicolo,Altaria,illustration_rare,0
B1,234,Jellicent,Gyarados,illustration_rare,0
B1,235,Keldeo,Blaziken,illustration_rare,0
B1,236,Eiscue,Altaria,illustration_rare,0
B1,237,Luxray,Blaziken,illustration_rare,0
B1,238,Cofagrigus,Gyarados,illustration_rare,0
B1,239,Gothita,Altaria,illustration_rare,0
B1,240,Makuhita,Blaziken,illustration_rare,0
B1,241,Hippowdon,Gyarados,illustration_rare,0
B1,242,Archeops,Blaziken,illustration_rare,0
B1,243,Pancham,Gyarados,illustration_rare,0
B1,244,Honchkrow,Gyarados,illustration_rare,0
B1,245,Hydreigon,Gyarados,illustration_rare,0
B1,246,Corviknight,Blaziken,illustration_rare,0
B1,247,Goomy,Altaria,illustration_rare,0
B1,248,Delcatty,Gyarados,illustration_rare,0
B1,249,Stoutland,Altaria,illustration_rare,0
B1,250,Rufflet,Blaziken,illustration_rare,0
B1,251,Mega Pinsir ex,Blaziken,special_art,0
B1,252,Whimsicott ex,Altaria,special_art,0
B1,253,Rapidash ex,Blaziken,special_art,0
B1,254,Mega Blaziken ex,Blaziken,special_art,0
B1,255,Mega Gyarados ex,Gyarados,special_art,0
B1,256,Greninja ex,Gyarados,special_art,0
B1,257,Jolteon ex,Gyarados,special_art,0
B1,258,Mega Ampharos ex,Altaria,special_art,0
B1,259,Mega Altaria ex,Altaria,special_art,0
B1,260,Indeedee ex,Altaria,special_art,0
B1,261,Hitmonchan ex,Blaziken,special_art,0
B1,262,Mega Absol ex,Gyarados,special_art,0
B1,263,Dragalge ex,Blaziken,special_art,0
B1,264,Melmetal ex,Gyarados,special_art,0
B1,265,Tauros ex,Altaria,special_art,0
B1,266,Marlon,Gyarados,special_art,0
B1,267,Hala,Blaziken,special_art,0
B1,268,May,Blaziken,special_art,0
B1,269,Fantina,Altaria,special_art,0
B1,270,Copycat,Gyarados,special_art,0
B1,271,Lisia,Altaria,special_art,0
B1,272,Mega Pinsir ex,Blaziken,special_art,0
B1,273,Whimsicott ex,Altaria,special_art,0
B1,274,Rapidash ex,Blaziken,special_art,0
B1,275,Greninja ex,Gyarados,special_art,0
B1,276,Jolteon ex,Gyarados,special_art,0
B1,277,Mega Ampharos ex,Altaria,special_art,0
B1,278,Indeedee ex,Altaria,special_art,0
B1,279,Hitmonchan ex,Blaziken,special_art,0
B1,280,Mega Absol ex,Gyarados,special_art,0
B1,281,Dragalge ex,Blaziken,special_art,0
B1,282,Melmetal ex,Gyarados,special_art,0
B1,283,Tauros ex,Altaria,special_art,0
B1,284,Mega Blaziken ex,Blaziken,immersive_rare,0
B1,285,Mega Gyarados ex,Gyarados,immersive_rare,0
B1,286,Mega Altaria ex,Altaria,immersive_rare,0
B1,287,Bellsprout,Altaria,shiny_rare,0
B1,288,Weepinbell,Altaria,shiny_rare,0
B1,289,Victreebel,Altaria,shiny_rare,0
B1,290,Rowlet,Blaziken,shiny_rare,0
B1,291,Dartrix,Blaziken,shiny_rare,0
B1,292,Moltres,Blaziken,shiny_rare,0
B1,293,Litten,Gyarados,shiny_rare,0
B1,294,Torracat,Gyarados,shiny_rare,0
B1,295,Poliwag,Gyarados,shiny_rare,0
B1,296,Poliwhirl,Gyarados,shiny_rare,0
B1,297,Poliwrath,Gyarados,shiny_rare,0
B1,298,Articuno,Altaria,shiny_rare,0
B1,299,Manaphy,Blaziken,shiny_rare,0
B1,300,Popplio,Altaria,shiny_rare,0
B1,301,Brionne,Altaria,shiny_rare,0
B1,302,Zapdos,Gyarados,shiny_rare,0
B1,303,Oricorio,Gyarados,shiny_rare,0
B1,304,Zeraora,Altaria,shiny_rare,0
B1,305,Drowzee,Gyarados,shiny_rare,0
B1,306,Hypno,Gyarados,shiny_rare,0
B1,307,Geodude,Blaziken,shiny_rare,0
B1,308,Graveler,Blaziken,shiny_rare,0
B1,309,Golem,Blaziken,shiny_rare,0
B1,310,Rockruff,Gyarados,shiny_rare,0
B1,311,Alolan Diglett,Blaziken,shiny_rare,0
B1,312,Meowth,Altaria,shiny_rare,0
B1,313,Persian,Altaria,shiny_rare,0
B1,314,Doduo,Blaziken,shiny_rare,0
B1,315,Dodrio,Blaziken,shiny_rare,0
B1,316,Bidoof,Altaria,shiny_rare,0
B1,317,Decidueye ex,Blaziken,double_shiny_rare,0
B1,318,Incineroar ex,Gyarados,double_shiny_rare,0
B1,319,Palkia ex,Blaziken,double_shiny_rare,0
B1,320,Primarina ex,Altaria,double_shiny_rare,0
B1,321,Pikachu ex,Gyarados,double_shiny_rare,0
B1,322,Tapu Koko ex,Blaziken,double_shiny_rare,0
B1,323,Lycanroc ex,Gyarados,double_shiny_rare,0
B1,324,Passimian ex,Altaria,double_shiny_rare,0
B1,325,Alolan Dugtrio ex,Blaziken,double_shiny_rare,0
B1,326,Dialga ex,Altaria,double_shiny_rare,0
B1,327,Bibarel ex,Altaria,double_shiny_rare,0
B1,328,Arceus ex,Gyarados,double_shiny_rare,0
B1,329,Lilligant,Blaziken|Gyarados|Altaria,crown_rare,0
B1,330,Klefki,Blaziken|Gyarados|Altaria,crown_rare,0
B1,331,Flame Patch,Blaziken|Gyarados|Altaria,crown_rare,0
B1a,001,Bulbasaur,Crimson Blaze,common,0
B1a,002,Ivysaur,Crimson Blaze,uncommon,0
B1a,003,Venusaur,Crimson Blaze,rare,0
B1a,004,Mega Venusaur ex,Crimson Blaze,double_rare,0
B1a,005,Spinarak,Crimson Blaze,common,0
B1a,006,Ariados,Crimson Blaze,uncommon,0
B1a,007,Sunkern,Crimson Blaze,common,0
B1a,008,Sunflora,Crimson Blaze,uncommon,0
B1a,009,Burmy,Crimson Blaze,common,0
B1a,010,Mothim,Crimson Blaze,common,0
B1a,011,Charmander,Crimson Blaze,common,0
B1a,012,Charmeleon,Crimson Blaze,uncommon,0
B1a,013,Charizard,Crimson Blaze,rare,0
B1a,014,Mega Charizard Y ex,Crimson Blaze,double_rare,0
B1a,015,Houndour,Crimson Blaze,common,0
B1a,016,Houndoom,Crimson Blaze,common,0
B1a,017,Squirtle,Crimson Blaze,common,0
B1a,018,Wartortle,Crimson Blaze,uncommon,0
B1a,019,Blastoise,Crimson Blaze,rare,0
B1a,020,Mega Blastoise ex,Crimson Blaze,double_rare,0
B1a,021,Basculin,Crimson Blaze,common,0
B1a,022,Clauncher,Crimson Blaze,common,0
B1a,023,Clawitzer,Crimson Blaze,uncommon,0
B1a,024,Magnemite,Crimson Blaze,common,0
B1a,025,Magneton,Crimson Blaze,uncommon,0
B1a,026,Magnezone,Crimson Blaze,rare,0
B1a,027,Emolga,Crimson Blaze,common,0
B1a,028,Helioptile,Crimson Blaze,common,0
B1a,029,Heliolisk,Crimson Blaze,uncommon,0
B1a,030,Misdreavus,Crimson Blaze,common,0
B1a,031,Mismagius,Crimson Blaze,uncommon,0
B1a,032,Solosis,Crimson Blaze,common,0
B1a,033,Duosion,Crimson Blaze,common,0
B1a,034,Reuniclus,Crimson Blaze,rare,0
B1a,035,Spritzee,Crimson Blaze,common,0
B1a,036,Aromatisse,Crimson Blaze,common,0
B1a,037,Xerneas,Crimson Blaze,rare,0
B1a,038,Onix,Crimson Blaze,common,0
B1a,039,Makuhita,Crimson Blaze,common,0
B1a,040,Hariyama,Crimson Blaze,uncommon,0
B1a,041,Nosepass,Crimson Blaze,common,0
B1a,042,Mega Lopunny ex,Crimson Blaze,double_rare,0
B1a,043,Mienfoo,Crimson Blaze,common,0
B1a,044,Mienshao,Crimson Blaze,common,0
B1a,045,Grimer,Crimson Blaze,common,0
B1a,046,Muk,Crimson Blaze,common,0
B1a,047,Purrloin,Crimson Blaze,common,0
B1a,048,Liepard,Crimson Blaze,uncommon,0
B1a,049,Trubbish,Crimson Blaze,common,0
B1a,050,Garbodor,Crimson Blaze,uncommon,0
B1a,051,Steelix,Crimson Blaze,uncommon,0
B1a,052,Mega Steelix ex,Crimson Blaze,double_rare,0
B1a,053,Probopass,Crimson Blaze,uncommon,0
B1a,054,Genesect,Crimson Blaze,rare,0
B1a,055,Ditto,Crimson Blaze,uncommon,0
B1a,056,Porygon,Crimson Blaze,common,0
B1a,057,Porygon2,Crimson Blaze,uncommon,0
B1a,058,Porygon-Z,Crimson Blaze,rare,0
B1a,059,Starly,Crimson Blaze,common,0
B1a,060,Staravia,Crimson Blaze,common,0
B1a,061,Staraptor,Crimson Blaze,uncommon,0
B1a,062,Buneary,Crimson Blaze,common,0
B1a,063,Lopunny,Crimson Blaze,uncommon,0
B1a,064,Bouffalant,Crimson Blaze,uncommon,0
B1a,065,Furfrou,Crimson Blaze,uncommon,0
B1a,066,Clemont's Backpack,Crimson Blaze,uncommon,0
B1a,067,Quick-Grow Extract,Crimson Blaze,uncommon,0
B1a,068,Clemont,Crimson Blaze,uncommon,0
B1a,069,Serena,Crimson Blaze,uncommon,0
B1a,070,Ariados,Crimson Blaze,illustration_rare,0
B1a,071,Sunflora,Crimson Blaze,illustration_rare,0
B1a,072,Reuniclus,Crimson Blaze,illustration_rare,0
B1a,073,Xerneas,Crimson Blaze,illustration_rare,0
B1a,074,Trubbish,Crimson Blaze,illustration_rare,0
B1a,075,Buneary,Crimson Blaze,illustration_rare,0
B1a,076,Mega Venusaur ex,Crimson Blaze,special_art,0
B1a,077,Mega Charizard Y ex,Crimson Blaze,special_art,0
B1a,078,Mega Blastoise ex,Crimson Blaze,special_art,0
B1a,079,Mega Lopunny ex,Crimson Blaze,special_art,0
B1a,080,Mega Steelix ex,Crimson Blaze,special_art,0
B1a,081,Clemont,Crimson Blaze,special_art,0
B1a,082,Serena,Crimson Blaze,special_art,0
B1a,083,Mega Venusaur ex,Crimson Blaze,special_art,0
B1a,084,Mega Blastoise ex,Crimson Blaze,special_art,0
B1a,085,Mega Lopunny ex,Crimson Blaze,special_art,0
B1a,086,Mega Steelix ex,Crimson Blaze,special_art,0
B1a,087,Mega Charizard Y ex,Crimson Blaze,immersive_rare,0
B1a,088,Oddish,Crimson Blaze,shiny_rare,0
B1a,089,Gloom,Crimson Blaze,shiny_rare,0
B1a,090,Vileplume,Crimson Blaze,shiny_rare,0
B1a,091,Charizard,Crimson Blaze,shiny_rare,0
B1a,092,Shellder,Crimson Blaze,shiny_rare,0
B1a,093,Cloyster,Crimson Blaze,shiny_rare,0
B1a,094,Sandshrew,Crimson Blaze,shiny_rare,0
B1a,095,Sandslash,Crimson Blaze,shiny_rare,0
B1a,096,Type: Null,Crimson Blaze,shiny_rare,0
B1a,097,Silvally,Crimson Blaze,shiny_rare,0
B1a,098,Buzzwole ex,Crimson Blaze,double_shiny_rare,0
B1a,099,Lunala ex,Crimson Blaze,double_shiny_rare,0
B1a,100,Guzzlord ex,Crimson Blaze,double_shiny_rare,0
B1a,101,Solgaleo ex,Crimson Blaze,double_shiny_rare,0
B1a,102,Aegislash,Crimson Blaze,crown_rare,0
B1a,103,Quick-Grow Extract,Crimson Blaze,crown_rare,0
B2,001,Ledyba,Gardevoir,common,0
B2,002,Ledian,Gardevoir,common,0
B2,003,Shuckle,Gardevoir,common,0
B2,004,Roselia,Gardevoir,common,0
B2,005,Roserade,Gardevoir,rare,0
B2,006,Cacnea,Gardevoir,common,0
B2,007,Cacturne,Gardevoir,uncommon,0
B2,008,Chespin,Gardevoir,common,0
B2,009,Quilladin,Gardevoir,uncommon,0
B2,010,Chesnaught,Gardevoir,rare,0
B2,011,Scatterbug,Gardevoir,common,0
B2,012,Spewpa,Gardevoir,common,0
B2,013,Vivillon,Gardevoir,uncommon,0
B2,014,Buzzwole,Gardevoir,rare,0
B2,015,Gossifleur,Gardevoir,common,0
B2,016,Eldegoss,Gardevoir,uncommon,0
B2,017,Teal Mask Ogerpon ex,Gardevoir,double_rare,0
B2,018,Alolan Marowak,Gardevoir,uncommon,0
B2,019,Reshiram,Gardevoir,rare,0
B2,020,Litleo,Gardevoir,common,0
B2,021,Pyroar,Gardevoir,uncommon,0
B2,022,Oricorio,Gardevoir,uncommon,0
B2,023,Blacephalon ex,Gardevoir,double_rare,0
B2,024,Scorbunny,Gardevoir,common,0
B2,025,Raboot,Gardevoir,uncommon,0
B2,026,Cinderace,Gardevoir,rare,0
B2,027,Hearthflame Mask Ogerpon,Gardevoir,rare,0
B2,028,Alolan Vulpix,Gardevoir,common,0
B2,029,Alolan Ninetales ex,Gardevoir,double_rare,0
B2,030,Galarian Mr. Mime,Gardevoir,common,0
B2,031,Galarian Mr. Rime,Gardevoir,uncommon,0
B2,032,Delibird,Gardevoir,uncommon,0
B2,033,Mudkip,Gardevoir,common,0
B2,034,Marshtomp,Gardevoir,uncommon,0
B2,035,Swampert,Gardevoir,rare,0
B2,036,Mega Swampert ex,Gardevoir,double_rare,0
B2,037,Vanillite,Gardevoir,common,0
B2,038,Vanillish,Gardevoir,common,0
B2,039,Vanilluxe,Gardevoir,uncommon,0
B2,040,Cryogonal,Gardevoir,common,0
B2,041,Amaura,Gardevoir,uncommon,0
B2,042,Aurorus,Gardevoir,rare,0
B2,043,Chewtle,Gardevoir,common,0
B2,044,Drednaw,Gardevoir,uncommon,0
B2,045,Cramorant,Gardevoir,common,0
B2,046,Arrokuda,Gardevoir,common,0
B2,047,Barraskewda,Gardevoir,common,0
B2,048,Wellspring Mask Ogerpon,Gardevoir,rare,0
B2,049,Pikachu,Gardevoir,common,0
B2,050,Alolan Raichu,Gardevoir,rare,0
B2,051,Zapdos,Gardevoir,rare,0
B2,052,Plusle,Gardevoir,common,0
B2,053,Minun,Gardevoir,common,0
B2,054,Toxel,Gardevoir,common,0
B2,055,Toxtricity ex,Gardevoir,double_rare,0
B2,056,Tadbulb,Gardevoir,common,0
B2,057,Bellibolt,Gardevoir,uncommon,0
B2,058,Galarian Ponyta,Gardevoir,common,0
B2,059,Galarian Rapidash,Gardevoir,uncommon,0
B2,060,Wobbuffet,Gardevoir,common,0
B2,061,Snubbull,Gardevoir,common,0
B2,062,Granbull,Gardevoir,uncommon,0
B2,063,Ralts,Gardevoir,common,0
B2,064,Kirlia,Gardevoir,uncommon,0
B2,065,Gardevoir,Gardevoir,rare,0
B2,066,Mega Gardevoir ex,Gardevoir,double_rare,0
B2,067,Litwick,Gardevoir,common,0
B2,068,Lampent,Gardevoir,uncommon,0
B2,069,Chandelure,Gardevoir,rare,0
B2,070,Meloetta,Gardevoir,uncommon,0
B2,071,Pumpkaboo,Gardevoir,common,0
B2,072,Gourgeist,Gardevoir,rare,0
B2,073,Mimikyu ex,Gardevoir,double_rare,0
B2,074,Sinistea,Gardevoir,common,0
B2,075,Polteageist,Gardevoir,uncommon,0
B2,076,Indeedee,Gardevoir,common,0
B2,077,Sandshrew,Gardevoir,common,0
B2,078,Sandslash,Gardevoir,common,0
B2,079,Machop,Gardevoir,common,0
B2,080,Machoke,Gardevoir,common,0
B2,081,Machamp,Gardevoir,uncommon,0
B2,082,Cubone,Gardevoir,common,0
B2,083,Meditite,Gardevoir,common,0
B2,084,Medicham,Gardevoir,uncommon,0
B2,085,Roggenrola,Gardevoir,common,0
B2,086,Boldore,Gardevoir,uncommon,0
B2,087,Gigalith ex,Gardevoir,double_rare,0
B2,088,Drilbur,Gardevoir,common,0
B2,089,Tyrunt,Gardevoir,uncommon,0
B2,090,Tyrantrum,Gardevoir,rare,0
B2,091,Passimian,Gardevoir,common,0
B2,092,Falinks,Gardevoir,uncommon,0
B2,093,Cornerstone Mask Ogerpon,Gardevoir,rare,0
B2,094,Alolan Meowth,Gardevoir,common,0
B2,095,Alolan Persian,Gardevoir,uncommon,0
B2,096,Alolan Grimer,Gardevoir,common,0
B2,097,Alolan Muk,Gardevoir,rare,0
B2,098,Galarian Zigzagoon,Gardevoir,common,0
B2,099,Galarian Linoone,Gardevoir,uncommon,0
B2,100,Galarian Obstagoon,Gardevoir,rare,0
B2,101,Stunky,Gardevoir,common,0
B2,102,Skuntank,Gardevoir,uncommon,0
B2,103,Spiritomb,Gardevoir,rare,0
B2,104,Purrloin,Gardevoir,common,0
B2,105,Liepard,Gardevoir,uncommon,0
B2,106,Scraggy,Gardevoir,common,0
B2,107,Scrafty,Gardevoir,uncommon,0
B2,108,Yveltal,Gardevoir,rare,0
B2,109,Guzzlord,Gardevoir,rare,0
B2,110,Galarian Meowth,Gardevoir,common,0
B2,111,Galarian Perrserker,Gardevoir,rare,0
B2,112,Mawile,Gardevoir,common,0
B2,113,Mega Mawile ex,Gardevoir,double_rare,0
B2,114,Excadrill,Gardevoir,uncommon,0
B2,115,Ferroseed,Gardevoir,common,0
B2,116,Ferrothorn,Gardevoir,common,0
B2,117,Galarian Stunfisk,Gardevoir,uncommon,0
B2,118,Honedge,Gardevoir,common,0
B2,119,Doublade,Gardevoir,uncommon,0
B2,120,Aegislash,Gardevoir,rare,0
B2,121,Bagon,Gardevoir,common,0
B2,122,Shelgon,Gardevoir,uncommon,0
B2,123,Salamence,Gardevoir,rare,0
B2,124,Meowth,Gardevoir,common,0
B2,125,Persian,Gardevoir,common,0
B2,126,Kangaskhan,Gardevoir,uncommon,0
B2,127,Mega Kangaskhan ex,Gardevoir,double_rare,0
B2,128,Sentret,Gardevoir,common,0
B2,129,Furret,Gardevoir,common,0
B2,130,Smeargle,Gardevoir,uncommon,0
B2,131,Lugia,Gardevoir,rare,0
B2,132,Taillow,Gardevoir,common,0
B2,133,Swellow,Gardevoir,rare,0
B2,134,Slakoth,Gardevoir,common,0
B2,135,Vigoroth,Gardevoir,uncommon,0
B2,136,Slaking,Gardevoir,rare,0
B2,137,Spinda,Gardevoir,common,0
B2,138,Tornadus,Gardevoir,rare,0
B2,139,Bunnelby,Gardevoir,common,0
B2,140,Diggersby,Gardevoir,uncommon,0
B2,141,Furfrou,Gardevoir,uncommon,0
B2,142,Tandemaus,Gardevoir,common,0
B2,143,Maushold,Gardevoir,uncommon,0
B2,144,Jaw Fossil,Gardevoir,common,0
B2,145,Lucky Ice Pop,Gardevoir,uncommon,0
B2,146,Sail Fossil,Gardevoir,common,0
B2,147,Protective Poncho,Gardevoir,uncommon,0
B2,148,Metal Core Barrier,Gardevoir,uncommon,0
B2,149,Diantha,Gardevoir,uncommon,0
B2,150,Sightseer,Gardevoir,uncommon,0
B2,151,Juggler,Gardevoir,uncommon,0
B2,152,Piers,Gardevoir,uncommon,0
B2,153,Training Area,Gardevoir,uncommon,0
B2,154,Starting Plains,Gardevoir,uncommon,0
B2,155,Peculiar Plaza,Gardevoir,uncommon,0
B2,156,Cacnea,Gardevoir,illustration_rare,0
B2,157,Roserade,Gardevoir,illustration_rare,0
B2,158,Vivillon,Gardevoir,illustration_rare,0
B2,159,Buzzwole,Gardevoir,illustration_rare,0
B2,160,Reshiram,Gardevoir,illustration_rare,0
B2,161,Oricorio,Gardevoir,illustration_rare,0
B2,162,Scorbunny,Gardevoir,illustration_rare,0
B2,163,Aurorus,Gardevoir,illustration_rare,0
B2,164,Cramorant,Gardevoir,illustration_rare,0
B2,165,Minun,Gardevoir,illustration_rare,0
B2,166,Toxel,Gardevoir,illustration_rare,0
B2,167,Galarian Ponyta,Gardevoir,illustration_rare,0
B2,168,Snubbull,Gardevoir,illustration_rare,0
B2,169,Indeedee,Gardevoir,illustration_rare,0
B2,170,Sandshrew,Gardevoir,illustration_rare,0
B2,171,Tyrantrum,Gardevoir,illustration_rare,0
B2,172,Falinks,Gardevoir,illustration_rare,0
B2,173,Alolan Muk,Gardevoir,illustration_rare,0
B2,174,Purrloin,Gardevoir,illustration_rare,0
B2,175,Yveltal,Gardevoir,illustration_rare,0
B2,176,Galarian Obstagoon,Gardevoir,illustration_rare,0
B2,177,Galarian Perrserker,Gardevoir,illustration_rare,0
B2,178,Salamence,Gardevoir,illustration_rare,0
B2,179,Slakoth,Gardevoir,illustration_rare,0
B2,180,Teal Mask Ogerpon ex,Gardevoir,special_art,0
B2,181,Blacephalon ex,Gardevoir,special_art,0
B2,182,Alolan Ninetales ex,Gardevoir,special_art,0
B2,183,Mega Swampert ex,Gardevoir,special_art,0
B2,184,Toxtricity ex,Gardevoir,special_art,0
B2,185,Mega Gardevoir ex,Gardevoir,special_art,0
B2,186,Mimikyu ex,Gardevoir,special_art,0
B2,187,Gigalith ex,Gardevoir,special_art,0
B2,188,Mega Mawile ex,Gardevoir,special_art,0
B2,189,Mega Kangaskhan ex,Gardevoir,special_art,0
B2,190,Diantha,Gardevoir,special_art,0
B2,191,Sightseer,Gardevoir,special_art,0
B2,192,Juggler,Gardevoir,special_art,0
B2,193,Piers,Gardevoir,special_art,0
B2,194,Teal Mask Ogerpon ex,Gardevoir,special_art,0
B2,195,Blacephalon ex,Gardevoir,special_art,0
B2,196,Alolan Ninetales ex,Gardevoir,special_art,0
B2,197,Mega Swampert ex,Gardevoir,special_art,0
B2,198,Toxtricity ex,Gardevoir,special_art,0
B2,199,Mimikyu ex,Gardevoir,special_art,0
B2,200,Gigalith ex,Gardevoir,special_art,0
B2,201,Mega Mawile ex,Gardevoir,special_art,0
B2,202,Mega Kangaskhan ex,Gardevoir,special_art,0
B2,203,Mega Gardevoir ex,Gardevoir,immersive_rare,0
B2,204,Meowth,Gardevoir,immersive_rare,0
B2,205,Tangela,Gardevoir,shiny_rare,0
B2,206,Magby,Gardevoir,shiny_rare,0
B2,207,Magmar,Gardevoir,shiny_rare,0
B2,208,Horsea,Gardevoir,shiny_rare,0
B2,209,Seadra,Gardevoir,shiny_rare,0
B2,210,Mantyke,Gardevoir,shiny_rare,0
B2,211,Omanyte,Gardevoir,shiny_rare,0
B2,212,Omastar,Gardevoir,shiny_rare,0
B2,213,Pichu,Gardevoir,shiny_rare,0
B2,214,Clefairy,Gardevoir,shiny_rare,0
B2,215,Clefable,Gardevoir,shiny_rare,0
B2,216,Latias,Gardevoir,shiny_rare,0
B2,217,Latios,Gardevoir,shiny_rare,0
B2,218,Hitmonlee,Gardevoir,shiny_rare,0
B2,219,Hitmonchan,Gardevoir,shiny_rare,0
B2,220,Kabuto,Gardevoir,shiny_rare,0
B2,221,Kabutops,Gardevoir,shiny_rare,0
B2,222,Phanpy,Gardevoir,shiny_rare,0
B2,223,Tyrogue,Gardevoir,shiny_rare,0
B2,224,Tauros,Gardevoir,shiny_rare,0
B2,225,Flareon ex,Gardevoir,double_shiny_rare,0
B2,226,Ho-Oh ex,Gardevoir,double_shiny_rare,0
B2,227,Kingdra ex,Gardevoir,double_shiny_rare,0
B2,228,Espeon ex,Gardevoir,double_shiny_rare,0
B2,229,Sylveon ex,Gardevoir,double_shiny_rare,0
B2,230,Donphan ex,Gardevoir,double_shiny_rare,0
B2,231,Umbreon ex,Gardevoir,double_shiny_rare,0
B2,232,Lugia ex,Gardevoir,double_shiny_rare,0
B2,233,Meloetta,Gardevoir,crown_rare,0
B2,234,Protective Poncho,Gardevoir,crown_rare,0
B2a,001,Sprigatito,Paldean Wonders,common,0
B2a,002,Floragato,Paldean Wonders,common,0
B2a,003,Meowscarada ex,Paldean Wonders,double_rare,0
B2a,004,Tarountula,Paldean Wonders,common,0
B2a,005,Spidops,Paldean Wonders,uncommon,0
B2a,006,Nymble,Paldean Wonders,common,0
B2a,007,Smoliv,Paldean Wonders,common,0
B2a,008,Dolliv,Paldean Wonders,common,0
B2a,009,Arboliva,Paldean Wonders,rare,0
B2a,010,Bramblin,Paldean Wonders,common,0
B2a,011,Brambleghast,Paldean Wonders,uncommon,0
B2a,012,Capsakid,Paldean Wonders,common,0
B2a,013,Scovillain,Paldean Wonders,uncommon,0
B2a,014,Rellor,Paldean Wonders,common,0
B2a,015,Wo-Chien,Paldean Wonders,rare,0
B2a,016,Fuecoco,Paldean Wonders,common,0
B2a,017,Crocalor,Paldean Wonders,common,0
B2a,018,Skeledirge,Paldean Wonders,rare,0
B2a,019,Charcadet,Paldean Wonders,common,0
B2a,020,Armarouge ex,Paldean Wonders,double_rare,0
B2a,021,Chi-Yu,Paldean Wonders,rare,0
B2a,022,Quaxly,Paldean Wonders,common,0
B2a,023,Quaxwell,Paldean Wonders,common,0
B2a,024,Quaquaval,Paldean Wonders,rare,0
B2a,025,Wiglett,Paldean Wonders,common,0
B2a,026,Wugtrio,Paldean Wonders,uncommon,0
B2a,027,Finizen,Paldean Wonders,common,0
B2a,028,Palafin,Paldean Wonders,rare,0
B2a,029,Cetoddle,Paldean Wonders,common,0
B2a,030,Cetitan,Paldean Wonders,uncommon,0
B2a,031,Veluza,Paldean Wonders,uncommon,0
B2a,032,Dondozo,Paldean Wonders,uncommon,0
B2a,033,Tatsugiri,Paldean Wonders,uncommon,0
B2a,034,Frigibax,Paldean Wonders,common,0
B2a,035,Arctibax,Paldean Wonders,common,0
B2a,036,Baxcalibur,Paldean Wonders,rare,0
B2a,037,Chien-Pao ex,Paldean Wonders,double_rare,0
B2a,038,Pawmi,Paldean Wonders,common,0
B2a,039,Pawmo,Paldean Wonders,common,0
B2a,040,Pawmot,Paldean Wonders,uncommon,0
B2a,041,Tadbulb,Paldean Wonders,common,0
B2a,042,Bellibolt ex,Paldean Wonders,double_rare,0
B2a,043,Wattrel,Paldean Wonders,common,0
B2a,044,Kilowattrel,Paldean Wonders,uncommon,0
B2a,045,Miraidon,Paldean Wonders,rare,0
B2a,046,Fidough,Paldean Wonders,common,0
B2a,047,Dachsbun,Paldean Wonders,uncommon,0
B2a,048,Ceruledge,Paldean Wonders,rare,0
B2a,049,Rabsca,Paldean Wonders,uncommon,0
B2a,050,Flittle,Paldean Wonders,common,0
B2a,051,Espathra,Paldean Wonders,uncommon,0
B2a,052,Greavard,Paldean Wonders,common,0
B2a,053,Houndstone,Paldean Wonders,uncommon,0
B2a,054,Gimmighoul,Paldean Wonders,common,0
B2a,055,Mankey,Paldean Wonders,common,0
B2a,056,Primeape,Paldean Wonders,common,0
B2a,057,Annihilape,Paldean Wonders,uncommon,0
B2a,058,Paldean Tauros,Paldean Wonders,uncommon,0
B2a,059,Toedscool,Paldean Wonders,common,0
B2a,060,Toedscruel,Paldean Wonders,uncommon,0
B2a,061,Klawf,Paldean Wonders,common,0
B2a,062,Ting-Lu,Paldean Wonders,rare,0
B2a,063,Koraidon,Paldean Wonders,rare,0
B2a,064,Paldean Wooper,Paldean Wonders,common,0
B2a,065,Paldean Clodsire,Paldean Wonders,uncommon,0
B2a,066,Lokix,Paldean Wonders,uncommon,0
B2a,067,Maschiff,Paldean Wonders,common,0
B2a,068,Mabosstiff,Paldean Wonders,uncommon,0
B2a,069,Shroodle,Paldean Wonders,common,0
B2a,070,Grafaiai,Paldean Wonders,uncommon,0
B2a,071,Bombirdier,Paldean Wonders,common,0
B2a,072,Tinkatink,Paldean Wonders,common,0
B2a,073,Tinkatuff,Paldean Wonders,common,0
B2a,074,Tinkaton,Paldean Wonders,rare,0
B2a,075,Varoom,Paldean Wonders,common,0
B2a,076,Revavroom,Paldean Wonders,uncommon,0
B2a,077,Orthworm,Paldean Wonders,uncommon,0
B2a,078,Gholdengo ex,Paldean Wonders,double_rare,0
B2a,079,Lechonk,Paldean Wonders,common,0
B2a,080,Oinkologne,Paldean Wonders,common,0
B2a,081,Tandemaus,Paldean Wonders,common,0
B2a,082,Maushold,Paldean Wonders,uncommon,0
B2a,083,Squawkabilly,Paldean Wonders,common,0
B2a,084,Cyclizar,Paldean Wonders,uncommon,0
B2a,085,Flamigo,Paldean Wonders,common,0
B2a,086,Electric Generator,Paldean Wonders,uncommon,0
B2a,087,Big Air Balloon,Paldean Wonders,uncommon,0
B2a,088,Team Star Grunts,Paldean Wonders,uncommon,0
B2a,089,Iono,Paldean Wonders,uncommon,0
B2a,090,Nemona,Paldean Wonders,uncommon,0
B2a,091,Arven,Paldean Wonders,uncommon,0
B2a,092,Penny,Paldean Wonders,uncommon,0
B2a,093,Mesagoza,Paldean Wonders,uncommon,0
B2a,094,Fuecoco,Paldean Wonders,illustration_rare,0
B2a,095,Greavard,Paldean Wonders,illustration_rare,0
B2a,096,Gimmighoul,Paldean Wonders,illustration_rare,0
B2a,097,Paldean Wooper,Paldean Wonders,illustration_rare,0
B2a,098,Orthworm,Paldean Wonders,illustration_rare,0
B2a,099,Maushold,Paldean Wonders,illustration_rare,0
B2a,100,Meowscarada ex,Paldean Wonders,special_art,0
B2a,101,Armarouge ex,Paldean Wonders,special_art,0
B2a,102,Chien-Pao ex,Paldean Wonders,special_art,0
B2a,103,Bellibolt ex,Paldean Wonders,special_art,0
B2a,104,Gholdengo ex,Paldean Wonders,special_art,0
B2a,105,Team Star Grunts,Paldean Wonders,special_art,0
B2a,106,Iono,Paldean Wonders,special_art,0
B2a,107,Nemona,Paldean Wonders,special_art,0
B2a,108,Arven,Paldean Wonders,special_art,0
B2a,109,Penny,Paldean Wonders,special_art,0
B2a,110,Meowscarada ex,Paldean Wonders,special_art,0
B2a,111,Armarouge ex,Paldean Wonders,special_art,0
B2a,112,Chien-Pao ex,Paldean Wonders,special_art,0
B2a,113,Bellibolt ex,Paldean Wonders,special_art,0
B2a,114,Gholdengo ex,Paldean Wonders,special_art,0
B2a,115,Arven,Paldean Wonders,immersive_rare,0
B2a,116,Sprigatito,Paldean Wonders,shiny_rare,0
B2a,117,Floragato,Paldean Wonders,shiny_rare,0
B2a,118,Meowscarada,Paldean Wonders,shiny_rare,0
B2a,119,Pawmi,Paldean Wonders,shiny_rare,0
B2a,120,Pawmo,Paldean Wonders,shiny_rare,0
B2a,121,Pawmot,Paldean Wonders,shiny_rare,0
B2a,122,Gimmighoul,Paldean Wonders,shiny_rare,0
B2a,123,Tinkatink,Paldean Wonders,shiny_rare,0
B2a,124,Tinkatuff,Paldean Wonders,shiny_rare,0
B2a,125,Gholdengo,Paldean Wonders,shiny_rare,0
B2a,126,Entei ex,Paldean Wonders,double_shiny_rare,0
B2a,127,Suicune ex,Paldean Wonders,double_shiny_rare,0
B2a,128,Raikou ex,Paldean Wonders,double_shiny_rare,0
B2a,129,Tinkaton ex,Paldean Wonders,double_shiny_rare,0
B2a,130,Baxcalibur,Paldean Wonders,crown_rare,0
B2a,131,Electric Generator,Paldean Wonders,crown_rare,0
B2b,001,Scyther,Mega Shine,common,0
B2b,002,Pineco,Mega Shine,common,0
B2b,003,Volbeat,Mega Shine,common,0
B2b,004,Illumise,Mega Shine,common,0
B2b,005,Phantump,Mega Shine,common,0
B2b,006,Trevenant,Mega Shine,uncommon,0
B2b,007,Charmander,Mega Shine,common,0
B2b,008,Charmeleon,Mega Shine,uncommon,0
B2b,009,Mega Charizard X ex,Mega Shine,double_rare,0
B2b,010,Ponyta,Mega Shine,common,0
B2b,011,Rapidash,Mega Shine,common,0
B2b,012,Magmar,Mega Shine,common,0
B2b,013,Magmortar,Mega Shine,uncommon,0
B2b,014,Paldean Tauros,Mega Shine,common,0
B2b,015,Slowpoke,Mega Shine,common,0
B2b,016,Mega Slowbro ex,Mega Shine,double_rare,0
B2b,017,Lapras,Mega Shine,uncommon,0
B2b,018,Piplup,Mega Shine,common,0
B2b,019,Prinplup,Mega Shine,uncommon,0
B2b,020,Empoleon,Mega Shine,rare,0
B2b,021,Phione,Mega Shine,uncommon,0
B2b,022,Pikachu,Mega Shine,common,0
B2b,023,Raichu,Mega Shine,uncommon,0
B2b,024,Electabuzz,Mega Shine,common,0
B2b,025,Electivire,Mega Shine,uncommon,0
B2b,026,Electrike,Mega Shine,common,0
B2b,027,Mega Manectric ex,Mega Shine,double_rare,0
B2b,028,Drowzee,Mega Shine,common,0
B2b,029,Hypno,Mega Shine,uncommon,0
B2b,030,Mew,Mega Shine,rare,0
B2b,031,Spoink,Mega Shine,common,0
B2b,032,Grumpig,Mega Shine,uncommon,0
B2b,033,Diglett,Mega Shine,common,0
B2b,034,Dugtrio,Mega Shine,uncommon,0
B2b,035,Groudon,Mega Shine,rare,0
B2b,036,Hawlucha,Mega Shine,common,0
B2b,037,Gastly,Mega Shine,common,0
B2b,038,Haunter,Mega Shine,uncommon,0
B2b,039,Mega Gengar ex,Mega Shine,double_rare,0
B2b,040,Darkrai,Mega Shine,rare,0
B2b,041,Trubbish,Mega Shine,common,0
B2b,042,Garbodor,Mega Shine,common,0
B2b,043,Zorua,Mega Shine,common,0
B2b,044,Zoroark,Mega Shine,rare,0
B2b,045,Morpeko,Mega Shine,common,0
B2b,046,Forretress,Mega Shine,uncommon,0
B2b,047,Mega Scizor ex,Mega Shine,double_rare,0
B2b,048,Kartana,Mega Shine,uncommon,0
B2b,049,Varoom,Mega Shine,common,0
B2b,050,Revavroom,Mega Shine,rare,0
B2b,051,Dratini,Mega Shine,common,0
B2b,052,Dragonair,Mega Shine,uncommon,0
B2b,053,Dragonite,Mega Shine,rare,0
B2b,054,Axew,Mega Shine,common,0
B2b,055,Fraxure,Mega Shine,uncommon,0
B2b,056,Haxorus,Mega Shine,rare,0
B2b,057,Druddigon,Mega Shine,common,0
B2b,058,Jigglypuff,Mega Shine,common,0
B2b,059,Wigglytuff,Mega Shine,common,0
B2b,060,Miltank,Mega Shine,uncommon,0
B2b,061,Chatot,Mega Shine,common,0
B2b,062,Minccino,Mega Shine,common,0
B2b,063,Cinccino,Mega Shine,common,0
B2b,064,Furfrou,Mega Shine,uncommon,0
B2b,065,Nasty Notice,Mega Shine,uncommon,0
B2b,066,Maintenance,Mega Shine,uncommon,0
B2b,067,Iris,Mega Shine,uncommon,0
B2b,068,Calem,Mega Shine,uncommon,0
B2b,069,Hiking Trail,Mega Shine,uncommon,0
B2b,070,Lapras,Mega Shine,illustration_rare,0
B2b,071,Empoleon,Mega Shine,illustration_rare,0
B2b,072,Groudon,Mega Shine,illustration_rare,0
B2b,073,Morpeko,Mega Shine,illustration_rare,0
B2b,074,Revavroom,Mega Shine,illustration_rare,0
B2b,075,Miltank,Mega Shine,illustration_rare,0
B2b,076,Mega Charizard X ex,Mega Shine,special_art,0
B2b,077,Mega Slowbro ex,Mega Shine,special_art,0
B2b,078,Mega Manectric ex,Mega Shine,special_art,0
B2b,079,Mega Gengar ex,Mega Shine,special_art,0
B2b,080,Mega Scizor ex,Mega Shine,special_art,0
B2b,081,Iris,Mega Shine,special_art,0
B2b,082,Calem,Mega Shine,special_art,0
B2b,083,Mega Slowbro ex,Mega Shine,special_art,0
B2b,084,Mega Manectric ex,Mega Shine,special_art,0
B2b,085,Mew,Mega Shine,immersive_rare,0
B2b,086,Mew,Mega Shine,immersive_rare,0
B2b,087,Scyther,Mega Shine,shiny_rare,0
B2b,088,Pineco,Mega Shine,shiny_rare,0
B2b,089,Phantump,Mega Shine,shiny_rare,0
B2b,090,Trevenant,Mega Shine,shiny_rare,0
B2b,091,Charmander,Mega Shine,shiny_rare,0
B2b,092,Charmeleon,Mega Shine,shiny_rare,0
B2b,093,Ponyta,Mega Shine,shiny_rare,0
B2b,094,Rapidash,Mega Shine,shiny_rare,0
B2b,095,Slowpoke,Mega Shine,shiny_rare,0
B2b,096,Pikachu,Mega Shine,shiny_rare,0
B2b,097,Raichu,Mega Shine,shiny_rare,0
B2b,098,Electrike,Mega Shine,shiny_rare,0
B2b,099,Hawlucha,Mega Shine,shiny_rare,0
B2b,100,Gastly,Mega Shine,shiny_rare,0
B2b,101,Haunter,Mega Shine,shiny_rare,0
B2b,102,Zorua,Mega Shine,shiny_rare,0
B2b,103,Zoroark,Mega Shine,shiny_rare,0
B2b,104,Forretress,Mega Shine,shiny_rare,0
B2b,105,Dratini,Mega Shine,shiny_rare,0
B2b,106,Dragonair,Mega Shine,shiny_rare,0
B2b,107,Dragonite,Mega Shine,shiny_rare,0
B2b,108,Axew,Mega Shine,shiny_rare,0
B2b,109,Fraxure,Mega Shine,shiny_rare,0
B2b,110,Haxorus,Mega Shine,shiny_rare,0
B2b,111,Mega Charizard X ex,Mega Shine,double_shiny_rare,0
B2b,112,Mega Slowbro ex,Mega Shine,double_shiny_rare,0
B2b,113,Mega Manectric ex,Mega Shine,double_shiny_rare,0
B2b,114,Mega Gengar ex,Mega Shine,double_shiny_rare,0
B2b,115,Mega Scizor ex,Mega Shine,double_shiny_rare,0
B2b,116,Arboliva,Mega Shine,crown_rare,0
B2b,117,Metal Core Barrier,Mega Shine,crown_rare,0
B3,001,Tangela,Pulsing Aura,common,0
B3,002,Tangrowth,Pulsing Aura,uncommon,0
B3,003,Heracross,Pulsing Aura,uncommon,0
B3,004,Celebi,Pulsing Aura,rare,0
B3,005,Treecko,Pulsing Aura,common,0
B3,006,Grovyle,Pulsing Aura,uncommon,0
B3,007,Sceptile,Pulsing Aura,rare,0
B3,008,Mega Sceptile ex,Pulsing Aura,double_rare,0
B3,009,Surskit,Pulsing Aura,common,0
B3,010,Masquerain,Pulsing Aura,common,0
B3,011,Shroomish,Pulsing Aura,common,0
B3,012,Breloom,Pulsing Aura,uncommon,0
B3,013,Budew,Pulsing Aura,rare,0
B3,014,Carnivine,Pulsing Aura,common,0
B3,015,Sewaddle,Pulsing Aura,common,0
B3,016,Swadloon,Pulsing Aura,common,0
B3,017,Leavanny,Pulsing Aura,uncommon,0
B3,018,Durant,Pulsing Aura,common,0
B3,019,Applin,Pulsing Aura,common,0
B3,020,Flapple,Pulsing Aura,rare,0
B3,021,Numel,Pulsing Aura,common,0
B3,022,Camerupt,Pulsing Aura,uncommon,0
B3,023,Mega Camerupt ex,Pulsing Aura,double_rare,0
B3,024,Castform Sunny Form,Pulsing Aura,common,0
B3,025,Victini,Pulsing Aura,rare,0
B3,026,Tepig,Pulsing Aura,common,0
B3,027,Pignite,Pulsing Aura,uncommon,0
B3,028,Emboar,Pulsing Aura,rare,0
B3,029,Darumaka,Pulsing Aura,common,0
B3,030,Darmanitan,Pulsing Aura,uncommon,0
B3,031,Larvesta,Pulsing Aura,common,0
B3,032,Volcarona,Pulsing Aura,uncommon,0
B3,033,Poliwag,Pulsing Aura,common,0
B3,034,Poliwhirl,Pulsing Aura,uncommon,0
B3,035,Politoed,Pulsing Aura,rare,0
B3,036,Paldean Tauros,Pulsing Aura,uncommon,0
B3,037,Vaporeon ex,Pulsing Aura,double_rare,0
B3,038,Wooper,Pulsing Aura,common,0
B3,039,Quagsire,Pulsing Aura,uncommon,0
B3,040,Castform Rainy Form,Pulsing Aura,common,0
B3,041,Castform Snowy Form,Pulsing Aura,common,0
B3,042,Clamperl,Pulsing Aura,common,0
B3,043,Huntail,Pulsing Aura,uncommon,0
B3,044,Gorebyss,Pulsing Aura,uncommon,0
B3,045,Regice,Pulsing Aura,uncommon,0
B3,046,Cubchoo,Pulsing Aura,common,0
B3,047,Beartic,Pulsing Aura,uncommon,0
B3,048,Sobble,Pulsing Aura,common,0
B3,049,Drizzile,Pulsing Aura,uncommon,0
B3,050,Inteleon,Pulsing Aura,rare,0
B3,051,Rapid Strike Urshifu,Pulsing Aura,rare,0
B3,052,Magnemite,Pulsing Aura,common,0
B3,053,Magneton,Pulsing Aura,uncommon,0
B3,054,Magnezone ex,Pulsing Aura,double_rare,0
B3,055,Voltorb,Pulsing Aura,common,0
B3,056,Electrode,Pulsing Aura,common,0
B3,057,Chinchou,Pulsing Aura,common,0
B3,058,Lanturn,Pulsing Aura,uncommon,0
B3,059,Zekrom,Pulsing Aura,rare,0
B3,060,Toxel,Pulsing Aura,common,0
B3,061,Toxtricity,Pulsing Aura,rare,0
B3,062,Morpeko,Pulsing Aura,common,0
B3,063,Ralts,Pulsing Aura,common,0
B3,064,Kirlia,Pulsing Aura,uncommon,0
B3,065,Espurr,Pulsing Aura,common,0
B3,066,Meowstic,Pulsing Aura,rare,0
B3,067,Diancie,Pulsing Aura,rare,0
B3,068,Oricorio,Pulsing Aura,common,0
B3,069,Hatenna,Pulsing Aura,common,0
B3,070,Hattrem,Pulsing Aura,uncommon,0
B3,071,Hatterene,Pulsing Aura,rare,0
B3,072,Bramblin,Pulsing Aura,common,0
B3,073,Brambleghast,Pulsing Aura,rare,0
B3,074,Gligar,Pulsing Aura,common,0
B3,075,Gliscor,Pulsing Aura,uncommon,0
B3,076,Trapinch,Pulsing Aura,common,0
B3,077,Regirock,Pulsing Aura,uncommon,0
B3,078,Bonsly,Pulsing Aura,rare,0
B3,079,Riolu,Pulsing Aura,common,0
B3,080,Lucario,Pulsing Aura,rare,0
B3,081,Mega Lucario ex,Pulsing Aura,double_rare,0
B3,082,Croagunk,Pulsing Aura,common,0
B3,083,Toxicroak,Pulsing Aura,uncommon,0
B3,084,Gallade,Pulsing Aura,rare,0
B3,085,Throh,Pulsing Aura,common,0
B3,086,Sawk,Pulsing Aura,common,0
B3,087,Dwebble,Pulsing Aura,common,0
B3,088,Crustle ex,Pulsing Aura,double_rare,0
B3,089,Meloetta,Pulsing Aura,rare,0
B3,090,Stufful,Pulsing Aura,common,0
B3,091,Bewear,Pulsing Aura,uncommon,0
B3,092,Rolycoly,Pulsing Aura,common,0
B3,093,Carkol,Pulsing Aura,uncommon,0
B3,094,Coalossal,Pulsing Aura,rare,0
B3,095,Silicobra,Pulsing Aura,common,0
B3,096,Sandaconda,Pulsing Aura,uncommon,0
B3,097,Kubfu,Pulsing Aura,common,0
B3,098,Zubat,Pulsing Aura,common,0
B3,099,Golbat,Pulsing Aura,uncommon,0
B3,100,Crobat,Pulsing Aura,rare,0
B3,101,Koffing,Pulsing Aura,common,0
B3,102,Weezing,Pulsing Aura,uncommon,0
B3,103,Qwilfish,Pulsing Aura,common,0
B3,104,Seviper,Pulsing Aura,common,0
B3,105,Zorua,Pulsing Aura,common,0
B3,106,Zoroark ex,Pulsing Aura,double_rare,0
B3,107,Foongus,Pulsing Aura,common,0
B3,108,Amoongus,Pulsing Aura,uncommon,0
B3,109,Vullaby,Pulsing Aura,common,0
B3,110,Mandibuzz,Pulsing Aura,uncommon,0
B3,111,Inkay,Pulsing Aura,common,0
B3,112,Malamar,Pulsing Aura,uncommon,0
B3,113,Single Strike Urshifu,Pulsing Aura,rare,0
B3,114,Zarude,Pulsing Aura,rare,0
B3,115,Bombirdier,Pulsing Aura,rare,0
B3,116,Registeel,Pulsing Aura,uncommon,0
B3,117,Bronzor,Pulsing Aura,common,0
B3,118,Bronzong,Pulsing Aura,uncommon,0
B3,119,Pawniard,Pulsing Aura,common,0
B3,120,Bisharp,Pulsing Aura,uncommon,0
B3,121,Magearna,Pulsing Aura,uncommon,0
B3,122,Meltan,Pulsing Aura,common,0
B3,123,Melmetal,Pulsing Aura,rare,0
B3,124,Corviknight ex,Pulsing Aura,double_rare,0
B3,125,Vibrava,Pulsing Aura,uncommon,0
B3,126,Flygon ex,Pulsing Aura,double_rare,0
B3,127,Chansey,Pulsing Aura,common,0
B3,128,Blissey,Pulsing Aura,rare,0
B3,129,Eevee,Pulsing Aura,common,0
B3,130,Dunsparce,Pulsing Aura,rare,0
B3,131,Teddiursa,Pulsing Aura,common,0
B3,132,Ursaring,Pulsing Aura,uncommon,0
B3,133,Castform,Pulsing Aura,common,0
B3,134,Regigigas,Pulsing Aura,rare,0
B3,135,Patrat,Pulsing Aura,common,0
B3,136,Watchog,Pulsing Aura,common,0
B3,137,Lillipup,Pulsing Aura,common,0
B3,138,Herdier,Pulsing Aura,uncommon,0
B3,139,Stoutland,Pulsing Aura,rare,0
B3,140,Audino,Pulsing Aura,uncommon,0
B3,141,Mega Audino ex,Pulsing Aura,double_rare,0
B3,142,Minccino,Pulsing Aura,common,0
B3,143,Cinccino,Pulsing Aura,common,0
B3,144,Furfrou,Pulsing Aura,uncommon,0
B3,145,Rookidee,Pulsing Aura,common,0
B3,146,Corvisquire,Pulsing Aura,uncommon,0
B3,147,Field Blower,Pulsing Aura,uncommon,0
B3,148,Lucky Egg,Pulsing Aura,uncommon,0
B3,149,Korrina,Pulsing Aura,uncommon,0
B3,150,Cabble,Pulsing Aura,uncommon,0
B3,151,Cheren,Pulsing Aura,uncommon,0
B3,152,Parasol Lady,Pulsing Aura,uncommon,0
B3,153,Fragrant Forest,Pulsing Aura,uncommon,0
B3,154,Arena of Antiquity,Pulsing Aura,uncommon,0
B3,155,Bounded Field,Pulsing Aura,uncommon,0
B3,156,Treecko,Pulsing Aura,illustration_rare,0
B3,157,Grovyle,Pulsing Aura,illustration_rare,0
B3,158,Shroomish,Pulsing Aura,illustration_rare,0
B3,159,Budew,Pulsing Aura,illustration_rare,0
B3,160,Flapple,Pulsing Aura,illustration_rare,0
B3,161,Tepig,Pulsing Aura,illustration_rare,0
B3,162,Quagsire,Pulsing Aura,illustration_rare,0
B3,163,Zekrom,Pulsing Aura,illustration_rare,0
B3,164,Morpeko,Pulsing Aura,illustration_rare,0
B3,165,Meowstic,Pulsing Aura,illustration_rare,0
B3,166,Oricorio,Pulsing Aura,illustration_rare,0
B3,167,Brambleghast,Pulsing Aura,illustration_rare,0
B3,168,Bonsly,Pulsing Aura,illustration_rare,0
B3,169,Riolu,Pulsing Aura,illustration_rare,0
B3,170,Meloetta,Pulsing Aura,illustration_rare,0
B3,171,Carkol,Pulsing Aura,illustration_rare,0
B3,172,Kubfu,Pulsing Aura,illustration_rare,0
B3,173,Seviper,Pulsing Aura,illustration_rare,0
B3,174,Zorua,Pulsing Aura,illustration_rare,0
B3,175,Malamar,Pulsing Aura,illustration_rare,0
B3,176,Bisharp,Pulsing Aura,illustration_rare,0
B3,177,Meltan,Pulsing Aura,illustration_rare,0
B3,178,Castform,Pulsing Aura,illustration_rare,0
B3,179,Cinccino,Pulsing Aura,illustration_rare,0
B3,180,Mega Sceptile ex,Pulsing Aura,special_art,0
B3,181,Mega Camerupt ex,Pulsing Aura,special_art,0
B3,182,Vaporeon ex,Pulsing Aura,special_art,0
B3,183,Magnezone ex,Pulsing Aura,special_art,0
B3,184,Mega Lucario ex,Pulsing Aura,special_art,0
B3,185,Crustle ex,Pulsing Aura,special_art,0
B3,186,Zoroark ex,Pulsing Aura,special_art,0
B3,187,Corviknight ex,Pulsing Aura,special_art,0
B3,188,Flygon ex,Pulsing Aura,special_art,0
B3,189,Mega Audino ex,Pulsing Aura,special_art,0
B3,190,Korrina,Pulsing Aura,special_art,0
B3,191,Cabble,Pulsing Aura,special_art,0
B3,192,Cheren,Pulsing Aura,special_art,0
B3,193,Parasol Lady,Pulsing Aura,special_art,0
B3,194,Mega Sceptile ex,Pulsing Aura,special_art,0
B3,195,Mega Camerupt ex,Pulsing Aura,special_art,0
B3,196,Vaporeon ex,Pulsing Aura,special_art,0
B3,197,Magnezone ex,Pulsing Aura,special_art,0
B3,198,Crustle ex,Pulsing Aura,special_art,0
B3,199,Zoroark ex,Pulsing Aura,special_art,0
B3,200,Corviknight ex,Pulsing Aura,special_art,0
B3,201,Flygon ex,Pulsing Aura,special_art,0
B3,202,Mega Audino ex,Pulsing Aura,special_art,0
B3,203,Sobble,Pulsing Aura,immersive_rare,0
B3,204,Mega Lucario ex,Pulsing Aura,immersive_rare,0
B3,205,Cottonee,Pulsing Aura,shiny_rare,0
B3,206,Torchic,Pulsing Aura,shiny_rare,0
B3,207,Combusken,Pulsing Aura,shiny_rare,0
B3,208,Blaziken,Pulsing Aura,shiny_rare,0
B3,209,Frillish,Pulsing Aura,shiny_rare,0
B3,210,Jellicent,Pulsing Aura,shiny_rare,0
B3,211,Onix,Pulsing Aura,shiny_rare,0
B3,212,Zubat,Pulsing Aura,shiny_rare,0
B3,213,Golbat,Pulsing Aura,shiny_rare,0
B3,214,Crobat,Pulsing Aura,shiny_rare,0
B3,215,Grimer,Pulsing Aura,shiny_rare,0
B3,216,Muk,Pulsing Aura,shiny_rare,0
B3,217,Absol,Pulsing Aura,shiny_rare,0
B3,218,Skrelp,Pulsing Aura,shiny_rare,0
B3,219,Steelix,Pulsing Aura,shiny_rare,0
B3,220,Chansey,Pulsing Aura,shiny_rare,0
B3,221,Blissey,Pulsing Aura,shiny_rare,0
B3,222,Porygon,Pulsing Aura,shiny_rare,0
B3,223,Porygon2,Pulsing Aura,shiny_rare,0
B3,224,Porygon-Z,Pulsing Aura,shiny_rare,0
B3,225,Whimsicott ex,Pulsing Aura,double_shiny_rare,0
B3,226,Mega Blaziken ex,Pulsing Aura,double_shiny_rare,0
B3,227,Greninja ex,Pulsing Aura,double_shiny_rare,0
B3,228,Jolteon ex,Pulsing Aura,double_shiny_rare,0
B3,229,Hitmonchan ex,Pulsing Aura,double_shiny_rare,0
B3,230,Mega Absol ex,Pulsing Aura,double_shiny_rare,0
B3,231,Dragalge ex,Pulsing Aura,double_shiny_rare,0
B3,232,Mega Steelix ex,Pulsing Aura,double_shiny_rare,0
B3,233,Celebi,Pulsing Aura,crown_rare,0
B3,234,Bombirdier,Pulsing Aura,crown_rare,0
B3a,001,Surskit,Paradox Drive,common,0
B3a,002,Masquerain,Paradox Drive,common,0
B3a,003,Brute Bonnet,Paradox Drive,common,0
B3a,004,Slither Wing,Paradox Drive,uncommon,0
B3a,005,Iron Moth,Paradox Drive,uncommon,0
B3a,006,Psyduck,Paradox Drive,common,0
B3a,007,Golduck,Paradox Drive,common,0
B3a,008,Vaporeon,Paradox Drive,uncommon,0
B3a,009,Buizel,Paradox Drive,common,0
B3a,010,Floatzel,Paradox Drive,common,0
B3a,011,Snom,Paradox Drive,common,0
B3a,012,Frosmoth,Paradox Drive,common,0
B3a,013,Iron Bundle ex,Paradox Drive,double_rare,0
B3a,014,Pawmi,Paradox Drive,common,0
B3a,015,Pawmo,Paradox Drive,common,0
B3a,016,Pawmot,Paradox Drive,uncommon,0
B3a,017,Iron Hands,Paradox Drive,common,0
B3a,018,Iron Thorns,Paradox Drive,uncommon,0
B3a,019,Miraidon ex,Paradox Drive,double_rare,0
B3a,020,Espeon,Paradox Drive,uncommon,0
B3a,021,Flittle,Paradox Drive,common,0
B3a,022,Espathra,Paradox Drive,uncommon,0
B3a,023,Greavard,Paradox Drive,common,0
B3a,024,Houndstone,Paradox Drive,uncommon,0
B3a,025,Scream Tail,Paradox Drive,common,0
B3a,026,Flutter Mane ex,Paradox Drive,double_rare,0
B3a,027,Iron Valiant,Paradox Drive,rare,0
B3a,028,Iron Leaves,Paradox Drive,rare,0
B3a,029,Iron Boulder,Paradox Drive,rare,0
B3a,030,Iron Crown,Paradox Drive,rare,0
B3a,031,Nacli,Paradox Drive,common,0
B3a,032,Naclstack,Paradox Drive,common,0
B3a,033,Garganacl,Paradox Drive,rare,0
B3a,034,Great Tusk,Paradox Drive,uncommon,0
B3a,035,Sandy Shocks,Paradox Drive,uncommon,0
B3a,036,Koraidon ex,Paradox Drive,double_rare,0
B3a,037,Umbreon,Paradox Drive,uncommon,0
B3a,038,Sneasel,Paradox Drive,common,0
B3a,039,Weavile,Paradox Drive,uncommon,0
B3a,040,Sableye,Paradox Drive,uncommon,0
B3a,041,Pawniard,Paradox Drive,common,0
B3a,042,Bisharp,Paradox Drive,common,0
B3a,043,Kingambit,Paradox Drive,rare,0
B3a,044,Glimmet,Paradox Drive,common,0
B3a,045,Glimmora,Paradox Drive,rare,0
B3a,046,Iron Jugulis,Paradox Drive,uncommon,0
B3a,047,Roaring Moon,Paradox Drive,rare,0
B3a,048,Corviknight,Paradox Drive,uncommon,0
B3a,049,Cufant,Paradox Drive,common,0
B3a,050,Copperajah,Paradox Drive,uncommon,0
B3a,051,Iron Treads,Paradox Drive,uncommon,0
B3a,052,Altaria,Paradox Drive,uncommon,0
B3a,053,Walking Wake,Paradox Drive,rare,0
B3a,054,Gouging Fire,Paradox Drive,rare,0
B3a,055,Raging Bolt,Paradox Drive,rare,0
B3a,056,Eevee,Paradox Drive,common,0
B3a,057,Girafarig,Paradox Drive,common,0
B3a,058,Farigiraf,Paradox Drive,common,0
B3a,059,Dunsparce,Paradox Drive,uncommon,0
B3a,060,Dudunsparce,Paradox Drive,rare,0
B3a,061,Swablu,Paradox Drive,common,0
B3a,062,Rufflet,Paradox Drive,common,0
B3a,063,Braviary,Paradox Drive,common,0
B3a,064,Hawlucha,Paradox Drive,common,0
B3a,065,Rookidee,Paradox Drive,common,0
B3a,066,Corvisquire,Paradox Drive,common,0
B3a,067,Flamigo,Paradox Drive,common,0
B3a,068,Terapagos ex,Paradox Drive,double_rare,0
B3a,069,Ancient Booster Energy Capsule,Paradox Drive,uncommon,0
B3a,070,Future Booster Energy Capsule,Paradox Drive,uncommon,0
B3a,071,Juliana,Paradox Drive,uncommon,0
B3a,072,Professor Sada,Paradox Drive,uncommon,0
B3a,073,Professor Turo,Paradox Drive,uncommon,0
B3a,074,Area Zero,Paradox Drive,uncommon,0
B3a,075,Snom,Paradox Drive,illustration_rare,0
B3a,076,Flittle,Paradox Drive,illustration_rare,0
B3a,077,Iron Boulder,Paradox Drive,illustration_rare,0
B3a,078,Glimmora,Paradox Drive,illustration_rare,0
B3a,079,Raging Bolt,Paradox Drive,illustration_rare,0
B3a,080,Hawlucha,Paradox Drive,illustration_rare,0
B3a,081,Iron Bundle ex,Paradox Drive,special_art,0
B3a,082,Miraidon ex,Paradox Drive,special_art,0
B3a,083,Flutter Mane ex,Paradox Drive,special_art,0
B3a,084,Koraidon ex,Paradox Drive,special_art,0
B3a,085,Terapagos ex,Paradox Drive,special_art,0
B3a,086,Juliana,Paradox Drive,special_art,0
B3a,087,Professor Sada,Paradox Drive,special_art,0
B3a,088,Professor Turo,Paradox Drive,special_art,0
B3a,089,Iron Bundle ex,Paradox Drive,special_art,0
B3a,090,Miraidon ex,Paradox Drive,special_art,0
B3a,091,Flutter Mane ex,Paradox Drive,special_art,0
B3a,092,Koraidon ex,Paradox Drive,special_art,0
B3a,093,Terapagos ex,Paradox Drive,immersive_rare,0
B3a,094,Rellor,Paradox Drive,shiny_rare,0
B3a,095,Charcadet,Paradox Drive,shiny_rare,0
B3a,096,Tadbulb,Paradox Drive,shiny_rare,0
B3a,097,Rabsca,Paradox Drive,shiny_rare,0
B3a,098,Diglett,Paradox Drive,shiny_rare,0
B3a,099,Dugtrio,Paradox Drive,shiny_rare,0
B3a,100,Klawf,Paradox Drive,shiny_rare,0
B3a,101,Orthworm,Paradox Drive,shiny_rare,0
B3a,102,Swablu,Paradox Drive,shiny_rare,0
B3a,103,Altaria,Paradox Drive,shiny_rare,0
B3a,104,Meowscarada ex,Paradox Drive,double_shiny_rare,0
B3a,105,Armarouge ex,Paradox Drive,double_shiny_rare,0
B3a,106,Bellibolt ex,Paradox Drive,double_shiny_rare,0
B3a,107,Mega Altaria ex,Paradox Drive,double_shiny_rare,0
B3a,108,Iron Valiant,Paradox Drive,crown_rare,0
B3a,109,Roaring Moon,Paradox Drive,crown_rare,0
B3b,001,Caterpie,Everyday Wonders,common,0
B3b,002,Metapod,Everyday Wonders,uncommon,0
B3b,003,Butterfree,Everyday Wonders,rare,0
B3b,004,Cacnea,Everyday Wonders,common,0
B3b,005,Tropius,Everyday Wonders,uncommon,0
B3b,006,Petilil,Everyday Wonders,common,0
B3b,007,Hisuian Lilligant,Everyday Wonders,uncommon,0
B3b,008,Vulpix,Everyday Wonders,common,0
B3b,009,Ninetales,Everyday Wonders,uncommon,0
B3b,010,Growlithe,Everyday Wonders,common,0
B3b,011,Psyduck,Everyday Wonders,common,0
B3b,012,Goldeen,Everyday Wonders,common,0
B3b,013,Seaking,Everyday Wonders,uncommon,0
B3b,014,Feebas,Everyday Wonders,common,0
B3b,015,Milotic ex,Everyday Wonders,double_rare,0
B3b,016,Snorunt,Everyday Wonders,common,0
B3b,017,Froslass,Everyday Wonders,rare,0
B3b,018,Luvdisc,Everyday Wonders,common,0
B3b,019,Piplup,Everyday Wonders,common,0
B3b,020,Iron Bundle,Everyday Wonders,uncommon,0
B3b,021,Pikachu,Everyday Wonders,common,0
B3b,022,Raichu,Everyday Wonders,uncommon,0
B3b,023,Emolga,Everyday Wonders,common,0
B3b,024,Dedenne ex,Everyday Wonders,double_rare,0
B3b,025,Yamper,Everyday Wonders,common,0
B3b,026,Slowpoke,Everyday Wonders,common,0
B3b,027,Slowbro,Everyday Wonders,uncommon,0
B3b,028,Munna,Everyday Wonders,common,0
B3b,029,Musharna,Everyday Wonders,uncommon,0
B3b,030,Sylveon,Everyday Wonders,rare,0
B3b,031,Carbink,Everyday Wonders,uncommon,0
B3b,032,Mega Diancie ex,Everyday Wonders,double_rare,0
B3b,033,Enamorus,Everyday Wonders,rare,0
B3b,034,Fidough,Everyday Wonders,common,0
B3b,035,Flutter Mane,Everyday Wonders,uncommon,0
B3b,036,Wooper,Everyday Wonders,common,0
B3b,037,Quagsire,Everyday Wonders,uncommon,0
B3b,038,Rockruff,Everyday Wonders,common,0
B3b,039,Sandygast,Everyday Wonders,common,0
B3b,040,Palossand,Everyday Wonders,uncommon,0
B3b,041,Mega Sableye ex,Everyday Wonders,double_rare,0
B3b,042,Cacturne,Everyday Wonders,uncommon,0
B3b,043,Spiritomb,Everyday Wonders,uncommon,0
B3b,044,Scraggy,Everyday Wonders,common,0
B3b,045,Scrafty,Everyday Wonders,uncommon,0
B3b,046,Mareanie,Everyday Wonders,common,0
B3b,047,Toxapex,Everyday Wonders,uncommon,0
B3b,048,Goomy,Everyday Wonders,common,0
B3b,049,Hisuian Sliggoo,Everyday Wonders,uncommon,0
B3b,050,Hisuian Goodra,Everyday Wonders,rare,0
B3b,051,Jigglypuff,Everyday Wonders,common,0
B3b,052,Wigglytuff,Everyday Wonders,uncommon,0
B3b,053,Eevee,Everyday Wonders,common,0
B3b,054,Munchlax,Everyday Wonders,rare,0
B3b,055,Snorlax,Everyday Wonders,rare,0
B3b,056,Teddiursa,Everyday Wonders,common,0
B3b,057,Ursaring,Everyday Wonders,uncommon,0
B3b,058,Ursaluna,Everyday Wonders,rare,0
B3b,059,Hisuian Zorua,Everyday Wonders,common,0
B3b,060,Hisuian Zoroark ex,Everyday Wonders,double_rare,0
B3b,061,Furfrou,Everyday Wonders,common,0
B3b,062,Skwovet,Everyday Wonders,common,0
B3b,063,Greedent,Everyday Wonders,uncommon,0
B3b,064,Small Balloon,Everyday Wonders,uncommon,0
B3b,065,Elegant Cape,Everyday Wonders,uncommon,0
B3b,066,Elesa,Everyday Wonders,uncommon,0
B3b,067,Puppy-Loving Girl,Everyday Wonders,uncommon,0
B3b,068,Wallace,Everyday Wonders,uncommon,0
B3b,069,Kid's Room,Everyday Wonders,uncommon,0
B3b,070,Vulpix,Everyday Wonders,illustration_rare,0
B3b,071,Piplup,Everyday Wonders,illustration_rare,0
B3b,072,Pikachu,Everyday Wonders,illustration_rare,0
B3b,073,Sylveon,Everyday Wonders,illustration_rare,0
B3b,074,Mareanie,Everyday Wonders,illustration_rare,0
B3b,075,Jigglypuff,Everyday Wonders,illustration_rare,0
B3b,076,Snorlax,Everyday Wonders,illustration_rare,0
B3b,077,Greedent,Everyday Wonders,illustration_rare,0
B3b,078,Milotic ex,Everyday Wonders,special_art,0
B3b,079,Dedenne ex,Everyday Wonders,special_art,0
B3b,080,Mega Diancie ex,Everyday Wonders,special_art,0
B3b,081,Mega Sableye ex,Everyday Wonders,special_art,0
B3b,082,Hisuian Zoroark ex,Everyday Wonders,special_art,0
B3b,083,Elesa,Everyday Wonders,special_art,0
B3b,084,Puppy-Loving Girl,Everyday Wonders,special_art,0
B3b,085,Wallace,Everyday Wonders,special_art,0
B3b,086,Milotic ex,Everyday Wonders,special_art,0
B3b,087,Mega Diancie ex,Everyday Wonders,special_art,0
B3b,088,Mega Sableye ex,Everyday Wonders,special_art,0
B3b,089,Hisuian Zoroark ex,Everyday Wonders,special_art,0
B3b,090,Dedenne ex,Everyday Wonders,immersive_rare,0
B3b,091,Caterpie,Everyday Wonders,shiny_rare,0
B3b,092,Metapod,Everyday Wonders,shiny_rare,0
B3b,093,Butterfree,Everyday Wonders,shiny_rare,0
B3b,094,Mareep,Everyday Wonders,shiny_rare,0
B3b,095,Flaaffy,Everyday Wonders,shiny_rare,0
B3b,096,Ampharos,Everyday Wonders,shiny_rare,0
B3b,097,Slowbro,Everyday Wonders,shiny_rare,0
B3b,098,Kangaskhan,Everyday Wonders,shiny_rare,0
B3b,099,Ditto,Everyday Wonders,shiny_rare,0
B3b,100,Snorlax,Everyday Wonders,shiny_rare,0
B3b,101,Mega Gyarados ex,Everyday Wonders,double_shiny_rare,0
B3b,102,Vaporeon ex,Everyday Wonders,double_shiny_rare,0
B3b,103,Mega Ampharos ex,Everyday Wonders,double_shiny_rare,0
B3b,104,Indeedee ex,Everyday Wonders,double_shiny_rare,0
B3b,105,Munchlax,Everyday Wonders,crown_rare,0
B3b,106,Small Balloon,Everyday Wonders,crown_rare,0
B4,001,Wurmple,Ruler of the Skies,common,0
B4,002,Silcoon,Ruler of the Skies,common,0
B4,003,Beautifly,Ruler of the Skies,uncommon,0
B4,004,Cascoon,Ruler of the Skies,common,0
B4,005,Dustox,Ruler of the Skies,rare,0
B4,006,Lileep,Ruler of the Skies,uncommon,0
B4,007,Cradily,Ruler of the Skies,rare,0
B4,008,Kricketot,Ruler of the Skies,common,0
B4,009,Kricketune,Ruler of the Skies,common,0
B4,010,Combee,Ruler of the Skies,common,0
B4,011,Vespiquen ex,Ruler of the Skies,double_rare,0
B4,012,Karrablast,Ruler of the Skies,common,0
B4,013,Shelmet,Ruler of the Skies,common,0
B4,014,Accelgor,Ruler of the Skies,rare,0
B4,015,Dhelmise,Ruler of the Skies,common,0
B4,016,Pheromosa,Ruler of the Skies,uncommon,0
B4,017,Poltchageist,Ruler of the Skies,common,0
B4,018,Sinistcha,Ruler of the Skies,uncommon,0
B4,019,Teal Mask Ogerpon,Ruler of the Skies,rare,0
B4,020,Ponyta,Ruler of the Skies,common,0
B4,021,Rapidash,Ruler of the Skies,uncommon,0
B4,022,Flareon,Ruler of the Skies,uncommon,0
B4,023,Moltres,Ruler of the Skies,rare,0
B4,024,Cyndaquil,Ruler of the Skies,common,0
B4,025,Quilava,Ruler of the Skies,uncommon,0
B4,026,Typhlosion ex,Ruler of the Skies,double_rare,0
B4,027,Houndour,Ruler of the Skies,common,0
B4,028,Houndoom,Ruler of the Skies,uncommon,0
B4,029,Heatmor,Ruler of the Skies,common,0
B4,030,Psyduck,Ruler of the Skies,common,0
B4,031,Golduck,Ruler of the Skies,common,0
B4,032,Staryu,Ruler of the Skies,common,0
B4,033,Starmie,Ruler of the Skies,uncommon,0
B4,034,Carvanha,Ruler of the Skies,common,0
B4,035,Mega Sharpedo ex,Ruler of the Skies,double_rare,0
B4,036,Wailmer,Ruler of the Skies,common,0
B4,037,Wailord ex,Ruler of the Skies,double_rare,0
B4,038,Spheal,Ruler of the Skies,common,0
B4,039,Sealeo,Ruler of the Skies,uncommon,0
B4,040,Walrein,Ruler of the Skies,rare,0
B4,041,Kyogre,Ruler of the Skies,rare,0
B4,042,Oshawott,Ruler of the Skies,common,0
B4,043,Dewott,Ruler of the Skies,uncommon,0
B4,044,Samurott,Ruler of the Skies,rare,0
B4,045,Alomomola,Ruler of the Skies,uncommon,0
B4,046,Dewpider,Ruler of the Skies,common,0
B4,047,Araquanid,Ruler of the Skies,uncommon,0
B4,048,Bruxish,Ruler of the Skies,common,0
B4,049,Pikachu,Ruler of the Skies,common,0
B4,050,Raichu,Ruler of the Skies,rare,0
B4,051,Shinx,Ruler of the Skies,common,0
B4,052,Luxio,Ruler of the Skies,uncommon,0
B4,053,Luxray,Ruler of the Skies,rare,0
B4,054,Pachirisu,Ruler of the Skies,common,0
B4,055,Rotom ex,Ruler of the Skies,double_rare,0
B4,056,Tynamo,Ruler of the Skies,common,0
B4,057,Eelektrik,Ruler of the Skies,common,0
B4,058,Eelektross,Ruler of the Skies,uncommon,0
B4,059,Thundurus,Ruler of the Skies,rare,0
B4,060,Helioptile,Ruler of the Skies,common,0
B4,061,Heliolisk,Ruler of the Skies,uncommon,0
B4,062,Wattrel,Ruler of the Skies,common,0
B4,063,Kilowattrel,Ruler of the Skies,uncommon,0
B4,064,Clefairy,Ruler of the Skies,common,0
B4,065,Clefable,Ruler of the Skies,common,0
B4,066,Drowzee,Ruler of the Skies,common,0
B4,067,Hypno,Ruler of the Skies,uncommon,0
B4,068,Mime Jr.,Ruler of the Skies,rare,0
B4,069,Mr. Mime,Ruler of the Skies,common,0
B4,070,Mewtwo,Ruler of the Skies,rare,0
B4,071,Ralts,Ruler of the Skies,common,0
B4,072,Kirlia,Ruler of the Skies,uncommon,0
B4,073,Chimecho,Ruler of the Skies,common,0
B4,074,Wynaut,Ruler of the Skies,rare,0
B4,075,Woobat,Ruler of the Skies,common,0
B4,076,Swoobat,Ruler of the Skies,common,0
B4,077,Hoopa,Ruler of the Skies,uncommon,0
B4,078,Oricorio,Ruler of the Skies,uncommon,0
B4,079,Makuhita,Ruler of the Skies,common,0
B4,080,Hariyama,Ruler of the Skies,uncommon,0
B4,081,Anorith,Ruler of the Skies,uncommon,0
B4,082,Armaldo,Ruler of the Skies,rare,0
B4,083,Groudon,Ruler of the Skies,rare,0
B4,084,Mega Gallade ex,Ruler of the Skies,double_rare,0
B4,085,Drilbur,Ruler of the Skies,common,0
B4,086,Excadrill,Ruler of the Skies,uncommon,0
B4,087,Timburr,Ruler of the Skies,common,0
B4,088,Gurdurr,Ruler of the Skies,uncommon,0
B4,089,Conkeldurr,Ruler of the Skies,rare,0
B4,090,Minior,Ruler of the Skies,common,0
B4,091,Grimer,Ruler of the Skies,common,0
B4,092,Muk,Ruler of the Skies,uncommon,0
B4,093,Poochyena,Ruler of the Skies,common,0
B4,094,Mightyena,Ruler of the Skies,common,0
B4,095,Galarian Zigzagoon,Ruler of the Skies,common,0
B4,096,Galarian Linoone,Ruler of the Skies,uncommon,0
B4,097,Galarian Obstagoon,Ruler of the Skies,rare,0
B4,098,Gulpin,Ruler of the Skies,common,0
B4,099,Swalot,Ruler of the Skies,uncommon,0
B4,100,Absol,Ruler of the Skies,uncommon,0
B4,101,Vullaby,Ruler of the Skies,common,0
B4,102,Mandibuzz,Ruler of the Skies,uncommon,0
B4,103,Hoopa ex,Ruler of the Skies,double_rare,0
B4,104,Skarmory,Ruler of the Skies,common,0
B4,105,Mawile,Ruler of the Skies,common,0
B4,106,Beldum,Ruler of the Skies,common,0
B4,107,Metang,Ruler of the Skies,uncommon,0
B4,108,Metagross,Ruler of the Skies,rare,0
B4,109,Mega Metagross ex,Ruler of the Skies,double_rare,0
B4,110,Escavalier,Ruler of the Skies,uncommon,0
B4,111,Genesect,Ruler of the Skies,rare,0
B4,112,Duraludon,Ruler of the Skies,uncommon,0
B4,113,Archaludon,Ruler of the Skies,rare,0
B4,114,Varoom,Ruler of the Skies,common,0
B4,115,Revavroom,Ruler of the Skies,rare,0
B4,116,Dratini,Ruler of the Skies,common,0
B4,117,Dragonair,Ruler of the Skies,uncommon,0
B4,118,Dragonite,Ruler of the Skies,rare,0
B4,119,Rayquaza,Ruler of the Skies,rare,0
B4,120,Mega Rayquaza ex,Ruler of the Skies,double_rare,0
B4,121,Noibat,Ruler of the Skies,common,0
B4,122,Noivern,Ruler of the Skies,rare,0
B4,123,Turtonator,Ruler of the Skies,uncommon,0
B4,124,Drampa,Ruler of the Skies,uncommon,0
B4,125,Applin,Ruler of the Skies,common,0
B4,126,Dipplin,Ruler of the Skies,uncommon,0
B4,127,Hydrapple,Ruler of the Skies,rare,0
B4,128,Cyclizar,Ruler of the Skies,uncommon,0
B4,129,Rattata,Ruler of the Skies,common,0
B4,130,Raticate,Ruler of the Skies,rare,0
B4,131,Eevee,Ruler of the Skies,common,0
B4,132,Aipom,Ruler of the Skies,common,0
B4,133,Ambipom,Ruler of the Skies,common,0
B4,134,Skitty,Ruler of the Skies,common,0
B4,135,Delcatty,Ruler of the Skies,uncommon,0
B4,136,Kecleon,Ruler of the Skies,common,0
B4,137,Pidove,Ruler of the Skies,common,0
B4,138,Tranquill,Ruler of the Skies,common,0
B4,139,Unfezant,Ruler of the Skies,uncommon,0
B4,140,Ducklett,Ruler of the Skies,common,0
B4,141,Swanna ex,Ruler of the Skies,double_rare,0
B4,142,Furfrou,Ruler of the Skies,uncommon,0
B4,143,Type: Null,Ruler of the Skies,uncommon,0
B4,144,Silvally,Ruler of the Skies,rare,0
B4,145,Order Pad,Ruler of the Skies,uncommon,0
B4,146,Claw Fossil,Ruler of the Skies,common,0
B4,147,Root Fossil,Ruler of the Skies,common,0
B4,148,Deceptive Needle,Ruler of the Skies,uncommon,0
B4,149,Clear Veil,Ruler of the Skies,uncommon,0
B4,150,Psychic,Ruler of the Skies,uncommon,0
B4,151,Drayden,Ruler of the Skies,uncommon,0
B4,152,Skyla,Ruler of the Skies,uncommon,0
B4,153,Wally,Ruler of the Skies,uncommon,0
B4,154,Soothing Shore,Ruler of the Skies,uncommon,0
B4,155,Rainbow Cave,Ruler of the Skies,uncommon,0
B4,156,Wurmple,Ruler of the Skies,illustration_rare,0
B4,157,Lileep,Ruler of the Skies,illustration_rare,0
B4,158,Kricketune,Ruler of the Skies,illustration_rare,0
B4,159,Accelgor,Ruler of the Skies,illustration_rare,0
B4,160,Ponyta,Ruler of the Skies,illustration_rare,0
B4,161,Quilava,Ruler of the Skies,illustration_rare,0
B4,162,Kyogre,Ruler of the Skies,illustration_rare,0
B4,163,Samurott,Ruler of the Skies,illustration_rare,0
B4,164,Raichu,Ruler of the Skies,illustration_rare,0
B4,165,Wattrel,Ruler of the Skies,illustration_rare,0
B4,166,Clefairy,Ruler of the Skies,illustration_rare,0
B4,167,Ralts,Ruler of the Skies,illustration_rare,0
B4,168,Wynaut,Ruler of the Skies,illustration_rare,0
B4,169,Oricorio,Ruler of the Skies,illustration_rare,0
B4,170,Anorith,Ruler of the Skies,illustration_rare,0
B4,171,Poochyena,Ruler of the Skies,illustration_rare,0
B4,172,Gulpin,Ruler of the Skies,illustration_rare,0
B4,173,Vullaby,Ruler of the Skies,illustration_rare,0
B4,174,Genesect,Ruler of the Skies,illustration_rare,0
B4,175,Dragonair,Ruler of the Skies,illustration_rare,0
B4,176,Noivern,Ruler of the Skies,illustration_rare,0
B4,177,Cyclizar,Ruler of the Skies,illustration_rare,0
B4,178,Raticate,Ruler of the Skies,illustration_rare,0
B4,179,Aipom,Ruler of the Skies,illustration_rare,0
B4,180,Vespiquen ex,Ruler of the Skies,special_art,0
B4,181,Typhlosion ex,Ruler of the Skies,special_art,0
B4,182,Mega Sharpedo ex,Ruler of the Skies,special_art,0
B4,183,Wailord ex,Ruler of the Skies,special_art,0
B4,184,Rotom ex,Ruler of the Skies,special_art,0
B4,185,Mega Gallade ex,Ruler of the Skies,special_art,0
B4,186,Hoopa ex,Ruler of the Skies,special_art,0
B4,187,Mega Metagross ex,Ruler of the Skies,special_art,0
B4,188,Mega Rayquaza ex,Ruler of the Skies,special_art,0
B4,189,Swanna ex,Ruler of the Skies,special_art,0
B4,190,Psychic,Ruler of the Skies,special_art,0
B4,191,Drayden,Ruler of the Skies,special_art,0
B4,192,Skyla,Ruler of the Skies,special_art,0
B4,193,Wally,Ruler of the Skies,special_art,0
B4,194,Vespiquen ex,Ruler of the Skies,special_art,0
B4,195,Typhlosion ex,Ruler of the Skies,special_art,0
B4,196,Mega Sharpedo ex,Ruler of the Skies,special_art,0
B4,197,Wailord ex,Ruler of the Skies,special_art,0
B4,198,Mega Gallade ex,Ruler of the Skies,special_art,0
B4,199,Hoopa ex,Ruler of the Skies,special_art,0
B4,200,Mega Metagross ex,Ruler of the Skies,special_art,0
B4,201,Swanna ex,Ruler of the Skies,special_art,0
B4,202,Rotom ex,Ruler of the Skies,immersive_rare,0
B4,203,Mega Rayquaza ex,Ruler of the Skies,immersive_rare,0
B4,204,Alolan Vulpix,Ruler of the Skies,shiny_rare,0
B4,205,Mudkip,Ruler of the Skies,shiny_rare,0
B4,206,Marshtomp,Ruler of the Skies,shiny_rare,0
B4,207,Swampert,Ruler of the Skies,shiny_rare,0
B4,208,Electabuzz,Ruler of the Skies,shiny_rare,0
B4,209,Plusle,Ruler of the Skies,shiny_rare,0
B4,210,Minun,Ruler of the Skies,shiny_rare,0
B4,211,Mr. Mime,Ruler of the Skies,shiny_rare,0
B4,212,Mewtwo,Ruler of the Skies,shiny_rare,0
B4,213,Roggenrola,Ruler of the Skies,shiny_rare,0
B4,214,Boldore,Ruler of the Skies,shiny_rare,0
B4,215,Falinks,Ruler of the Skies,shiny_rare,0
B4,216,Koffing,Ruler of the Skies,shiny_rare,0
B4,217,Weezing,Ruler of the Skies,shiny_rare,0
B4,218,Galarian Meowth,Ruler of the Skies,shiny_rare,0
B4,219,Galarian Perrserker,Ruler of the Skies,shiny_rare,0
B4,220,Rattata,Ruler of the Skies,shiny_rare,0
B4,221,Raticate,Ruler of the Skies,shiny_rare,0
B4,222,Smeargle,Ruler of the Skies,shiny_rare,0
B4,223,Buneary,Ruler of the Skies,shiny_rare,0
B4,224,Blacephalon ex,Ruler of the Skies,double_shiny_rare,0
B4,225,Alolan Ninetales ex,Ruler of the Skies,double_shiny_rare,0
B4,226,Mega Swampert ex,Ruler of the Skies,double_shiny_rare,0
B4,227,Mega Gardevoir ex,Ruler of the Skies,double_shiny_rare,0
B4,228,Mega Lopunny ex,Ruler of the Skies,double_shiny_rare,0
B4,229,Gigalith ex,Ruler of the Skies,double_shiny_rare,0
B4,230,Zoroark ex,Ruler of the Skies,double_shiny_rare,0
B4,231,Mega Kangaskhan ex,Ruler of the Skies,double_shiny_rare,0
B4,232,Raichu,Ruler of the Skies,crown_rare,0
B4,233,Dragonair,Ruler of the Skies,crown_rare,0
B4a,001,Volbeat,Team Rocket,common,0
B4a,002,Illumise,Team Rocket,common,0
B4a,003,Snivy,Team Rocket,common,0
B4a,004,Servine,Team Rocket,uncommon,0
B4a,005,Serperior,Team Rocket,rare,0
B4a,006,Team Rocket's Magmar,Team Rocket,common,0
B4a,007,Team Rocket's Moltres ex,Team Rocket,double_rare,0
B4a,008,Team Rocket's Houndour,Team Rocket,common,0
B4a,009,Team Rocket's Houndoom,Team Rocket,common,0
B4a,010,Fennekin,Team Rocket,common,0
B4a,011,Braixen,Team Rocket,uncommon,0
B4a,012,Delphox,Team Rocket,rare,0
B4a,013,Team Rocket's Lapras,Team Rocket,uncommon,0
B4a,014,Team Rocket's Articuno ex,Team Rocket,double_rare,0
B4a,015,Wingull,Team Rocket,common,0
B4a,016,Pelipper,Team Rocket,uncommon,0
B4a,017,Hisuian Basculin,Team Rocket,common,0
B4a,018,Hisuian Basculegion,Team Rocket,uncommon,0
B4a,019,Team Rocket's Voltorb,Team Rocket,common,0
B4a,020,Team Rocket's Electrode,Team Rocket,uncommon,0
B4a,021,Team Rocket's Zapdos ex,Team Rocket,double_rare,0
B4a,022,Blitzle,Team Rocket,common,0
B4a,023,Zebstrika,Team Rocket,uncommon,0
B4a,024,Team Rocket's Pincurchin,Team Rocket,common,0
B4a,025,Team Rocket's Slowpoke,Team Rocket,common,0
B4a,026,Team Rocket's Slowking ex,Team Rocket,double_rare,0
B4a,027,Team Rocket's Drowzee,Team Rocket,common,0
B4a,028,Team Rocket's Hypno,Team Rocket,uncommon,0
B4a,029,Team Rocket's Mr. Mime,Team Rocket,common,0
B4a,030,Team Rocket's Mewtwo,Team Rocket,rare,0
B4a,031,Espurr,Team Rocket,common,0
B4a,032,Meowstic,Team Rocket,uncommon,0
B4a,033,Oranguru,Team Rocket,uncommon,0
B4a,034,Gimmighoul,Team Rocket,common,0
B4a,035,Cubone,Team Rocket,common,0
B4a,036,Marowak,Team Rocket,uncommon,0
B4a,037,Landorus,Team Rocket,rare,0
B4a,038,Team Rocket's Ekans,Team Rocket,common,0
B4a,039,Team Rocket's Arbok,Team Rocket,uncommon,0
B4a,040,Team Rocket's Grimer,Team Rocket,common,0
B4a,041,Team Rocket's Muk,Team Rocket,uncommon,0
B4a,042,Team Rocket's Koffing,Team Rocket,common,0
B4a,043,Team Rocket's Weezing ex,Team Rocket,double_rare,0
B4a,044,Team Rocket's Sneasel,Team Rocket,common,0
B4a,045,Togedemaru,Team Rocket,common,0
B4a,046,Cufant,Team Rocket,common,0
B4a,047,Copperajah,Team Rocket,uncommon,0
B4a,048,Team Rocket's Tinkatink,Team Rocket,common,0
B4a,049,Team Rocket's Tinkatuff,Team Rocket,uncommon,0
B4a,050,Team Rocket's Tinkaton,Team Rocket,rare,0
B4a,051,Gholdengo,Team Rocket,uncommon,0
B4a,052,Gible,Team Rocket,common,0
B4a,053,Gabite,Team Rocket,uncommon,0
B4a,054,Garchomp,Team Rocket,rare,0
B4a,055,Duraludon,Team Rocket,uncommon,0
B4a,056,Archaludon,Team Rocket,rare,0
B4a,057,Regidrago,Team Rocket,uncommon,0
B4a,058,Team Rocket's Rattata,Team Rocket,common,0
B4a,059,Team Rocket's Raticate ex,Team Rocket,double_rare,0
B4a,060,Team Rocket's Meowth,Team Rocket,common,0
B4a,061,Team Rocket's Persian,Team Rocket,uncommon,0
B4a,062,Team Rocket's Kecleon,Team Rocket,common,0
B4a,063,Happiny,Team Rocket,rare,0
B4a,064,Furfrou,Team Rocket,common,0
B4a,065,Lechonk,Team Rocket,common,0
B4a,066,Oinkologne,Team Rocket,common,0
B4a,067,Team Rocket's Thieving Machine,Team Rocket,uncommon,0
B4a,068,Team Rocket's Goo-zooka,Team Rocket,uncommon,0
B4a,069,Team Rocket's Researcher,Team Rocket,uncommon,0
B4a,070,Team Rocket's Master Plan,Team Rocket,uncommon,0
B4a,071,Team Rocket's Boss,Team Rocket,uncommon,0
B4a,072,Arcade,Team Rocket,uncommon,0
B4a,073,Delphox,Team Rocket,illustration_rare,0
B4a,074,Team Rocket's Hypno,Team Rocket,illustration_rare,0
B4a,075,Team Rocket's Tinkaton,Team Rocket,illustration_rare,0
B4a,076,Team Rocket's Kecleon,Team Rocket,illustration_rare,0
B4a,077,Happiny,Team Rocket,illustration_rare,0
B4a,078,Lechonk,Team Rocket,illustration_rare,0
B4a,079,Team Rocket's Moltres ex,Team Rocket,special_art,0
B4a,080,Team Rocket's Articuno ex,Team Rocket,special_art,0
B4a,081,Team Rocket's Zapdos ex,Team Rocket,special_art,0
B4a,082,Team Rocket's Slowking ex,Team Rocket,special_art,0
B4a,083,Team Rocket's Weezing ex,Team Rocket,special_art,0
B4a,084,Team Rocket's Raticate ex,Team Rocket,special_art,0
B4a,085,Team Rocket's Researcher,Team Rocket,special_art,0
B4a,086,Team Rocket's Master Plan,Team Rocket,special_art,0
B4a,087,Team Rocket's Boss,Team Rocket,special_art,0
B4a,088,Team Rocket's Moltres ex,Team Rocket,special_art,0
B4a,089,Team Rocket's Articuno ex,Team Rocket,special_art,0
B4a,090,Team Rocket's Zapdos ex,Team Rocket,special_art,0
B4a,091,Team Rocket's Slowking ex,Team Rocket,special_art,0
B4a,092,Team Rocket's Weezing ex,Team Rocket,special_art,0
B4a,093,Team Rocket's Raticate ex,Team Rocket,special_art,0
B4a,094,Team Rocket's Master Plan,Team Rocket,immersive_rare,0
B4a,095,Vulpix,Team Rocket,shiny_rare,0
B4a,096,Ninetales,Team Rocket,shiny_rare,0
B4a,097,Goldeen,Team Rocket,shiny_rare,0
B4a,098,Seaking,Team Rocket,shiny_rare,0
B4a,099,Toxel,Team Rocket,shiny_rare,0
B4a,100,Sinistea,Team Rocket,shiny_rare,0
B4a,101,Polteageist,Team Rocket,shiny_rare,0
B4a,102,Mawile,Team Rocket,shiny_rare,0
B4a,103,Taillow,Team Rocket,shiny_rare,0
B4a,104,Swellow,Team Rocket,shiny_rare,0
B4a,105,Mega Charizard Y ex,Team Rocket,double_shiny_rare,0
B4a,106,Toxtricity ex,Team Rocket,double_shiny_rare,0
B4a,107,Mimikyu ex,Team Rocket,double_shiny_rare,0
B4a,108,Mega Mawile ex,Team Rocket,double_shiny_rare,0
B4a,109,Gholdengo,Team Rocket,crown_rare,0
B4a,110,Team Rocket's Goo-zooka,Team Rocket,crown_rare,0
B4b,001,Bulbasaur,Deluxe Pack Mega,common,0
B4b,002,Ivysaur,Deluxe Pack Mega,uncommon,0
B4b,003,Mega Venusaur ex,Deluxe Pack Mega,double_rare,0
B4b,004,Caterpie,Deluxe Pack Mega,common,0
B4b,005,Metapod,Deluxe Pack Mega,uncommon,0
B4b,006,Butterfree,Deluxe Pack Mega,rare,0
B4b,007,Scyther,Deluxe Pack Mega,common,0
B4b,008,Mega Pinsir ex,Deluxe Pack Mega,double_rare,0
B4b,009,Celebi,Deluxe Pack Mega,rare,0
B4b,010,Treecko,Deluxe Pack Mega,common,0
B4b,011,Grovyle,Deluxe Pack Mega,uncommon,0
B4b,012,Mega Sceptile ex,Deluxe Pack Mega,double_rare,0
B4b,013,Budew,Deluxe Pack Mega,rare,0
B4b,014,Combee,Deluxe Pack Mega,common,0
B4b,015,Vespiquen ex,Deluxe Pack Mega,double_rare,0
B4b,016,Cottonee,Deluxe Pack Mega,common,0
B4b,017,Whimsicott ex,Deluxe Pack Mega,double_rare,0
B4b,018,Petilil,Deluxe Pack Mega,common,0
B4b,019,Lilligant,Deluxe Pack Mega,rare,0
B4b,020,Durant,Deluxe Pack Mega,common,0
B4b,021,Sprigatito,Deluxe Pack Mega,common,0
B4b,022,Floragato,Deluxe Pack Mega,common,0
B4b,023,Meowscarada ex,Deluxe Pack Mega,double_rare,0
B4b,024,Smoliv,Deluxe Pack Mega,common,0
B4b,025,Dolliv,Deluxe Pack Mega,common,0
B4b,026,Arboliva,Deluxe Pack Mega,rare,0
B4b,027,Teal Mask Ogerpon,Deluxe Pack Mega,rare,0
B4b,028,Teal Mask Ogerpon ex,Deluxe Pack Mega,double_rare,0
B4b,029,Charmander,Deluxe Pack Mega,common,0
B4b,030,Charmeleon,Deluxe Pack Mega,uncommon,0
B4b,031,Mega Charizard X ex,Deluxe Pack Mega,double_rare,0
B4b,032,Mega Charizard Y ex,Deluxe Pack Mega,double_rare,0
B4b,033,Growlithe,Deluxe Pack Mega,common,0
B4b,034,Ponyta,Deluxe Pack Mega,common,0
B4b,035,Rapidash ex,Deluxe Pack Mega,double_rare,0
B4b,036,Cyndaquil,Deluxe Pack Mega,common,0
B4b,037,Quilava,Deluxe Pack Mega,uncommon,0
B4b,038,Typhlosion ex,Deluxe Pack Mega,double_rare,0
B4b,039,Torchic,Deluxe Pack Mega,common,0
B4b,040,Combusken,Deluxe Pack Mega,uncommon,0
B4b,041,Mega Blaziken ex,Deluxe Pack Mega,double_rare,0
B4b,042,Numel,Deluxe Pack Mega,common,0
B4b,043,Mega Camerupt ex,Deluxe Pack Mega,double_rare,0
B4b,044,Victini,Deluxe Pack Mega,rare,0
B4b,045,Blacephalon ex,Deluxe Pack Mega,double_rare,0
B4b,046,Fuecoco,Deluxe Pack Mega,common,0
B4b,047,Crocalor,Deluxe Pack Mega,common,0
B4b,048,Skeledirge,Deluxe Pack Mega,rare,0
B4b,049,Charcadet,Deluxe Pack Mega,common,0
B4b,050,Armarouge ex,Deluxe Pack Mega,double_rare,0
B4b,051,Hearthflame Mask Ogerpon,Deluxe Pack Mega,rare,0
B4b,052,Squirtle,Deluxe Pack Mega,common,0
B4b,053,Wartortle,Deluxe Pack Mega,uncommon,0
B4b,054,Mega Blastoise ex,Deluxe Pack Mega,double_rare,0
B4b,055,Alolan Vulpix,Deluxe Pack Mega,common,0
B4b,056,Alolan Ninetales ex,Deluxe Pack Mega,double_rare,0
B4b,057,Slowpoke,Deluxe Pack Mega,common,0
B4b,058,Mega Slowbro ex,Deluxe Pack Mega,double_rare,0
B4b,059,Magikarp,Deluxe Pack Mega,common,0
B4b,060,Mega Gyarados ex,Deluxe Pack Mega,double_rare,0
B4b,061,Vaporeon ex,Deluxe Pack Mega,double_rare,0
B4b,062,Mudkip,Deluxe Pack Mega,common,0
B4b,063,Marshtomp,Deluxe Pack Mega,uncommon,0
B4b,064,Mega Swampert ex,Deluxe Pack Mega,double_rare,0
B4b,065,Carvanha,Deluxe Pack Mega,common,0
B4b,066,Mega Sharpedo ex,Deluxe Pack Mega,double_rare,0
B4b,067,Wailmer,Deluxe Pack Mega,common,0
B4b,068,Wailord ex,Deluxe Pack Mega,double_rare,0
B4b,069,Feebas,Deluxe Pack Mega,common,0
B4b,070,Milotic ex,Deluxe Pack Mega,double_rare,0
B4b,071,Froakie,Deluxe Pack Mega,common,0
B4b,072,Frogadier,Deluxe Pack Mega,uncommon,0
B4b,073,Greninja ex,Deluxe Pack Mega,double_rare,0
B4b,074,Sobble,Deluxe Pack Mega,common,0
B4b,075,Drizzile,Deluxe Pack Mega,uncommon,0
B4b,076,Inteleon,Deluxe Pack Mega,rare,0
B4b,077,Iron Bundle ex,Deluxe Pack Mega,double_rare,0
B4b,078,Frigibax,Deluxe Pack Mega,common,0
B4b,079,Arctibax,Deluxe Pack Mega,common,0
B4b,080,Baxcalibur,Deluxe Pack Mega,rare,0
B4b,081,Chien-Pao ex,Deluxe Pack Mega,double_rare,0
B4b,082,Pikachu,Deluxe Pack Mega,common,0
B4b,083,Raichu,Deluxe Pack Mega,rare,0
B4b,084,Magnemite,Deluxe Pack Mega,common,0
B4b,085,Magneton,Deluxe Pack Mega,uncommon,0
B4b,086,Magnezone ex,Deluxe Pack Mega,double_rare,0
B4b,087,Jolteon ex,Deluxe Pack Mega,double_rare,0
B4b,088,Mareep,Deluxe Pack Mega,common,0
B4b,089,Flaaffy,Deluxe Pack Mega,uncommon,0
B4b,090,Mega Ampharos ex,Deluxe Pack Mega,double_rare,0
B4b,091,Electrike,Deluxe Pack Mega,common,0
B4b,092,Mega Manectric ex,Deluxe Pack Mega,double_rare,0
B4b,093,Rotom ex,Deluxe Pack Mega,double_rare,0
B4b,094,Helioptile,Deluxe Pack Mega,common,0
B4b,095,Heliolisk,Deluxe Pack Mega,uncommon,0
B4b,096,Dedenne ex,Deluxe Pack Mega,double_rare,0
B4b,097,Yamper,Deluxe Pack Mega,common,0
B4b,098,Toxel,Deluxe Pack Mega,common,0
B4b,099,Toxtricity ex,Deluxe Pack Mega,double_rare,0
B4b,100,Tadbulb,Deluxe Pack Mega,common,0
B4b,101,Bellibolt ex,Deluxe Pack Mega,double_rare,0
B4b,102,Iron Thorns,Deluxe Pack Mega,uncommon,0
B4b,103,Miraidon ex,Deluxe Pack Mega,double_rare,0
B4b,104,Ralts,Deluxe Pack Mega,common,0
B4b,105,Kirlia,Deluxe Pack Mega,uncommon,0
B4b,106,Mega Gardevoir ex,Deluxe Pack Mega,double_rare,0
B4b,107,Mega Altaria ex,Deluxe Pack Mega,double_rare,0
B4b,108,Wynaut,Deluxe Pack Mega,rare,0
B4b,109,Chingling,Deluxe Pack Mega,rare,0
B4b,110,Mime Jr.,Deluxe Pack Mega,rare,0
B4b,111,Meloetta,Deluxe Pack Mega,uncommon,0
B4b,112,Sylveon,Deluxe Pack Mega,rare,0
B4b,113,Klefki,Deluxe Pack Mega,rare,0
B4b,114,Mega Diancie ex,Deluxe Pack Mega,double_rare,0
B4b,115,Mimikyu ex,Deluxe Pack Mega,double_rare,0
B4b,116,Indeedee ex,Deluxe Pack Mega,double_rare,0
B4b,117,Fidough,Deluxe Pack Mega,common,0
B4b,118,Bramblin,Deluxe Pack Mega,common,0
B4b,119,Brambleghast,Deluxe Pack Mega,rare,0
B4b,120,Flutter Mane ex,Deluxe Pack Mega,double_rare,0
B4b,121,Gimmighoul,Deluxe Pack Mega,common,0
B4b,122,Onix,Deluxe Pack Mega,common,0
B4b,123,Hitmonchan ex,Deluxe Pack Mega,double_rare,0
B4b,124,Trapinch,Deluxe Pack Mega,common,0
B4b,125,Mega Lopunny ex,Deluxe Pack Mega,double_rare,0
B4b,126,Riolu,Deluxe Pack Mega,common,0
B4b,127,Mega Lucario ex,Deluxe Pack Mega,double_rare,0
B4b,128,Mega Gallade ex,Deluxe Pack Mega,double_rare,0
B4b,129,Roggenrola,Deluxe Pack Mega,common,0
B4b,130,Boldore,Deluxe Pack Mega,uncommon,0
B4b,131,Gigalith ex,Deluxe Pack Mega,double_rare,0
B4b,132,Dwebble,Deluxe Pack Mega,common,0
B4b,133,Crustle ex,Deluxe Pack Mega,double_rare,0
B4b,134,Rockruff,Deluxe Pack Mega,common,0
B4b,135,Falinks,Deluxe Pack Mega,uncommon,0
B4b,136,Koraidon ex,Deluxe Pack Mega,double_rare,0
B4b,137,Alolan Grimer,Deluxe Pack Mega,common,0
B4b,138,Alolan Muk,Deluxe Pack Mega,rare,0
B4b,139,Gastly,Deluxe Pack Mega,common,0
B4b,140,Haunter,Deluxe Pack Mega,uncommon,0
B4b,141,Mega Gengar ex,Deluxe Pack Mega,double_rare,0
B4b,142,Mega Sableye ex,Deluxe Pack Mega,double_rare,0
B4b,143,Mega Absol ex,Deluxe Pack Mega,double_rare,0
B4b,144,Darkrai,Deluxe Pack Mega,rare,0
B4b,145,Zorua,Deluxe Pack Mega,common,0
B4b,146,Zoroark ex,Deluxe Pack Mega,double_rare,0
B4b,147,Skrelp,Deluxe Pack Mega,common,0
B4b,148,Dragalge ex,Deluxe Pack Mega,double_rare,0
B4b,149,Hoopa ex,Deluxe Pack Mega,double_rare,0
B4b,150,Zarude,Deluxe Pack Mega,rare,0
B4b,151,Bombirdier,Deluxe Pack Mega,rare,0
B4b,152,Roaring Moon,Deluxe Pack Mega,rare,0
B4b,153,Galarian Meowth,Deluxe Pack Mega,common,0
B4b,154,Galarian Perrserker,Deluxe Pack Mega,rare,0
B4b,155,Mega Steelix ex,Deluxe Pack Mega,double_rare,0
B4b,156,Mega Scizor ex,Deluxe Pack Mega,double_rare,0
B4b,157,Mega Mawile ex,Deluxe Pack Mega,double_rare,0
B4b,158,Beldum,Deluxe Pack Mega,common,0
B4b,159,Metang,Deluxe Pack Mega,uncommon,0
B4b,160,Mega Metagross ex,Deluxe Pack Mega,double_rare,0
B4b,161,Honedge,Deluxe Pack Mega,common,0
B4b,162,Doublade,Deluxe Pack Mega,uncommon,0
B4b,163,Aegislash,Deluxe Pack Mega,rare,0
B4b,164,Aegislash,Deluxe Pack Mega,rare,0
B4b,165,Meltan,Deluxe Pack Mega,common,0
B4b,166,Melmetal ex,Deluxe Pack Mega,double_rare,0
B4b,167,Corviknight ex,Deluxe Pack Mega,double_rare,0
B4b,168,Gholdengo ex,Deluxe Pack Mega,double_rare,0
B4b,169,Dratini,Deluxe Pack Mega,common,0
B4b,170,Dragonair,Deluxe Pack Mega,uncommon,0
B4b,171,Vibrava,Deluxe Pack Mega,uncommon,0
B4b,172,Flygon ex,Deluxe Pack Mega,double_rare,0
B4b,173,Mega Rayquaza ex,Deluxe Pack Mega,double_rare,0
B4b,174,Axew,Deluxe Pack Mega,common,0
B4b,175,Fraxure,Deluxe Pack Mega,uncommon,0
B4b,176,Haxorus,Deluxe Pack Mega,rare,0
B4b,177,Drampa,Deluxe Pack Mega,uncommon,0
B4b,178,Rattata,Deluxe Pack Mega,common,0
B4b,179,Raticate,Deluxe Pack Mega,rare,0
B4b,180,Meowth,Deluxe Pack Mega,common,0
B4b,181,Mega Kangaskhan ex,Deluxe Pack Mega,double_rare,0
B4b,182,Tauros ex,Deluxe Pack Mega,double_rare,0
B4b,183,Eevee,Deluxe Pack Mega,common,0
B4b,184,Skitty,Deluxe Pack Mega,common,0
B4b,185,Delcatty,Deluxe Pack Mega,rare,0
B4b,186,Swablu,Deluxe Pack Mega,common,0
B4b,187,Buneary,Deluxe Pack Mega,common,0
B4b,188,Munchlax,Deluxe Pack Mega,rare,0
B4b,189,Lillipup,Deluxe Pack Mega,common,0
B4b,190,Mega Audino ex,Deluxe Pack Mega,double_rare,0
B4b,191,Hisuian Zorua,Deluxe Pack Mega,common,0
B4b,192,Hisuian Zoroark ex,Deluxe Pack Mega,double_rare,0
B4b,193,Ducklett,Deluxe Pack Mega,common,0
B4b,194,Swanna ex,Deluxe Pack Mega,double_rare,0
B4b,195,Rookidee,Deluxe Pack Mega,common,0
B4b,196,Corvisquire,Deluxe Pack Mega,uncommon,0
B4b,197,Terapagos ex,Deluxe Pack Mega,double_rare,0
B4b,198,Lucky Ice Pop,Deluxe Pack Mega,uncommon,0
B4b,199,Electric Generator,Deluxe Pack Mega,uncommon,0
B4b,200,Order Pad,Deluxe Pack Mega,uncommon,0
B4b,201,Quick-Grow Extract,Deluxe Pack Mega,uncommon,0
B4b,202,Field Blower,Deluxe Pack Mega,uncommon,0
B4b,203,Flame Patch,Deluxe Pack Mega,uncommon,0
B4b,204,Deceptive Needle,Deluxe Pack Mega,uncommon,0
B4b,205,Lucky Egg,Deluxe Pack Mega,uncommon,0
B4b,206,Small Balloon,Deluxe Pack Mega,uncommon,0
B4b,207,Ancient Booster Energy Capsule,Deluxe Pack Mega,uncommon,0
B4b,208,Future Booster Energy Capsule,Deluxe Pack Mega,uncommon,0
B4b,209,Protective Poncho,Deluxe Pack Mega,uncommon,0
B4b,210,Metal Core Barrier,Deluxe Pack Mega,uncommon,0
B4b,211,Elegant Cape,Deluxe Pack Mega,uncommon,0
B4b,212,Iris,Deluxe Pack Mega,uncommon,0
B4b,213,Juliana,Deluxe Pack Mega,uncommon,0
B4b,214,Diantha,Deluxe Pack Mega,uncommon,0
B4b,215,Calem,Deluxe Pack Mega,uncommon,0
B4b,216,Puppy-Loving Girl,Deluxe Pack Mega,uncommon,0
B4b,217,Korrina,Deluxe Pack Mega,uncommon,0
B4b,218,Clemont,Deluxe Pack Mega,uncommon,0
B4b,219,Serena,Deluxe Pack Mega,uncommon,0
B4b,220,May,Deluxe Pack Mega,uncommon,0
B4b,221,Skyla,Deluxe Pack Mega,uncommon,0
B4b,222,Arven,Deluxe Pack Mega,uncommon,0
B4b,223,Wallace,Deluxe Pack Mega,uncommon,0
B4b,224,Wally,Deluxe Pack Mega,uncommon,0
B4b,225,Copycat,Deluxe Pack Mega,uncommon,0
B4b,226,Lisia,Deluxe Pack Mega,uncommon,0
B4b,227,Fragrant Forest,Deluxe Pack Mega,uncommon,0
B4b,228,Arena of Antiquity,Deluxe Pack Mega,uncommon,0
B4b,229,Soothing Shore,Deluxe Pack Mega,uncommon,0
B4b,230,Bounded Field,Deluxe Pack Mega,uncommon,0
B4b,231,Mesagoza,Deluxe Pack Mega,uncommon,0
B4b,232,Training Area,Deluxe Pack Mega,uncommon,0
B4b,233,Rainbow Cave,Deluxe Pack Mega,uncommon,0
B4b,234,Hiking Trail,Deluxe Pack Mega,uncommon,0
B4b,235,Starting Plains,Deluxe Pack Mega,uncommon,0
B4b,236,Peculiar Plaza,Deluxe Pack Mega,uncommon,0
B4b,237,Bulbasaur,Deluxe Pack Mega,common,1
B4b,238,Ivysaur,Deluxe Pack Mega,uncommon,1
B4b,239,Caterpie,Deluxe Pack Mega,common,1
B4b,240,Metapod,Deluxe Pack Mega,uncommon,1
B4b,241,Butterfree,Deluxe Pack Mega,rare,1
B4b,242,Scyther,Deluxe Pack Mega,common,1
B4b,243,Celebi,Deluxe Pack Mega,rare,1
B4b,244,Treecko,Deluxe Pack Mega,common,1
B4b,245,Grovyle,Deluxe Pack Mega,uncommon,1
B4b,246,Budew,Deluxe Pack Mega,rare,1
B4b,247,Combee,Deluxe Pack Mega,common,1
B4b,248,Cottonee,Deluxe Pack Mega,common,1
B4b,249,Petilil,Deluxe Pack Mega,common,1
B4b,250,Lilligant,Deluxe Pack Mega,rare,1
B4b,251,Durant,Deluxe Pack Mega,common,1
B4b,252,Sprigatito,Deluxe Pack Mega,common,1
B4b,253,Floragato,Deluxe Pack Mega,common,1
B4b,254,Smoliv,Deluxe Pack Mega,common,1
B4b,255,Dolliv,Deluxe Pack Mega,common,1
B4b,256,Arboliva,Deluxe Pack Mega,rare,1
B4b,257,Teal Mask Ogerpon,Deluxe Pack Mega,rare,1
B4b,258,Charmander,Deluxe Pack Mega,common,1
B4b,259,Charmeleon,Deluxe Pack Mega,uncommon,1
B4b,260,Growlithe,Deluxe Pack Mega,common,1
B4b,261,Ponyta,Deluxe Pack Mega,common,1
B4b,262,Cyndaquil,Deluxe Pack Mega,common,1
B4b,263,Quilava,Deluxe Pack Mega,uncommon,1
B4b,264,Torchic,Deluxe Pack Mega,common,1
B4b,265,Combusken,Deluxe Pack Mega,uncommon,1
B4b,266,Numel,Deluxe Pack Mega,common,1
B4b,267,Victini,Deluxe Pack Mega,rare,1
B4b,268,Fuecoco,Deluxe Pack Mega,common,1
B4b,269,Crocalor,Deluxe Pack Mega,common,1
B4b,270,Skeledirge,Deluxe Pack Mega,rare,1
B4b,271,Charcadet,Deluxe Pack Mega,common,1
B4b,272,Hearthflame Mask Ogerpon,Deluxe Pack Mega,rare,1
B4b,273,Squirtle,Deluxe Pack Mega,common,1
B4b,274,Wartortle,Deluxe Pack Mega,uncommon,1
B4b,275,Alolan Vulpix,Deluxe Pack Mega,common,1
B4b,276,Slowpoke,Deluxe Pack Mega,common,1
B4b,277,Magikarp,Deluxe Pack Mega,common,1
B4b,278,Mudkip,Deluxe Pack Mega,common,1
B4b,279,Marshtomp,Deluxe Pack Mega,uncommon,1
B4b,280,Carvanha,Deluxe Pack Mega,common,1
B4b,281,Wailmer,Deluxe Pack Mega,common,1
B4b,282,Feebas,Deluxe Pack Mega,common,1
B4b,283,Froakie,Deluxe Pack Mega,common,1
B4b,284,Frogadier,Deluxe Pack Mega,uncommon,1
B4b,285,Sobble,Deluxe Pack Mega,common,1
B4b,286,Drizzile,Deluxe Pack Mega,uncommon,1
B4b,287,Inteleon,Deluxe Pack Mega,rare,1
B4b,288,Frigibax,Deluxe Pack Mega,common,1
B4b,289,Arctibax,Deluxe Pack Mega,common,1
B4b,290,Baxcalibur,Deluxe Pack Mega,rare,1
B4b,291,Pikachu,Deluxe Pack Mega,common,1
B4b,292,Raichu,Deluxe Pack Mega,rare,1
B4b,293,Magnemite,Deluxe Pack Mega,common,1
B4b,294,Magneton,Deluxe Pack Mega,uncommon,1
B4b,295,Mareep,Deluxe Pack Mega,common,1
B4b,296,Flaaffy,Deluxe Pack Mega,uncommon,1
B4b,297,Electrike,Deluxe Pack Mega,common,1
B4b,298,Helioptile,Deluxe Pack Mega,common,1
B4b,299,Heliolisk,Deluxe Pack Mega,uncommon,1
B4b,300,Yamper,Deluxe Pack Mega,common,1
B4b,301,Toxel,Deluxe Pack Mega,common,1
B4b,302,Tadbulb,Deluxe Pack Mega,common,1
B4b,303,Iron Thorns,Deluxe Pack Mega,uncommon,1
B4b,304,Ralts,Deluxe Pack Mega,common,1
B4b,305,Kirlia,Deluxe Pack Mega,uncommon,1
B4b,306,Wynaut,Deluxe Pack Mega,rare,1
B4b,307,Chingling,Deluxe Pack Mega,rare,1
B4b,308,Mime Jr.,Deluxe Pack Mega,rare,1
B4b,309,Meloetta,Deluxe Pack Mega,uncommon,1
B4b,310,Sylveon,Deluxe Pack Mega,rare,1
B4b,311,Klefki,Deluxe Pack Mega,rare,1
B4b,312,Fidough,Deluxe Pack Mega,common,1
B4b,313,Bramblin,Deluxe Pack Mega,common,1
B4b,314,Brambleghast,Deluxe Pack Mega,rare,1
B4b,315,Gimmighoul,Deluxe Pack Mega,common,1
B4b,316,Onix,Deluxe Pack Mega,common,1
B4b,317,Trapinch,Deluxe Pack Mega,common,1
B4b,318,Riolu,Deluxe Pack Mega,common,1
B4b,319,Roggenrola,Deluxe Pack Mega,common,1
B4b,320,Boldore,Deluxe Pack Mega,uncommon,1
B4b,321,Dwebble,Deluxe Pack Mega,common,1
B4b,322,Rockruff,Deluxe Pack Mega,common,1
B4b,323,Falinks,Deluxe Pack Mega,uncommon,1
B4b,324,Alolan Grimer,Deluxe Pack Mega,common,1
B4b,325,Alolan Muk,Deluxe Pack Mega,rare,1
B4b,326,Gastly,Deluxe Pack Mega,common,1
B4b,327,Haunter,Deluxe Pack Mega,uncommon,1
B4b,328,Darkrai,Deluxe Pack Mega,rare,1
B4b,329,Zorua,Deluxe Pack Mega,common,1
B4b,330,Skrelp,Deluxe Pack Mega,common,1
B4b,331,Zarude,Deluxe Pack Mega,rare,1
B4b,332,Bombirdier,Deluxe Pack Mega,rare,1
B4b,333,Roaring Moon,Deluxe Pack Mega,rare,1
B4b,334,Galarian Meowth,Deluxe Pack Mega,common,1
B4b,335,Galarian Perrserker,Deluxe Pack Mega,rare,1
B4b,336,Beldum,Deluxe Pack Mega,common,1
B4b,337,Metang,Deluxe Pack Mega,uncommon,1
B4b,338,Honedge,Deluxe Pack Mega,common,1
B4b,339,Doublade,Deluxe Pack Mega,uncommon,1
B4b,340,Aegislash,Deluxe Pack Mega,rare,1
B4b,341,Aegislash,Deluxe Pack Mega,rare,1
B4b,342,Meltan,Deluxe Pack Mega,common,1
B4b,343,Dratini,Deluxe Pack Mega,common,1
B4b,344,Dragonair,Deluxe Pack Mega,uncommon,1
B4b,345,Vibrava,Deluxe Pack Mega,uncommon,1
B4b,346,Axew,Deluxe Pack Mega,common,1
B4b,347,Fraxure,Deluxe Pack Mega,uncommon,1
B4b,348,Haxorus,Deluxe Pack Mega,rare,1
B4b,349,Drampa,Deluxe Pack Mega,uncommon,1
B4b,350,Rattata,Deluxe Pack Mega,common,1
B4b,351,Raticate,Deluxe Pack Mega,rare,1
B4b,352,Meowth,Deluxe Pack Mega,common,1
B4b,353,Eevee,Deluxe Pack Mega,common,1
B4b,354,Skitty,Deluxe Pack Mega,common,1
B4b,355,Delcatty,Deluxe Pack Mega,rare,1
B4b,356,Swablu,Deluxe Pack Mega,common,1
B4b,357,Buneary,Deluxe Pack Mega,common,1
B4b,358,Munchlax,Deluxe Pack Mega,rare,1
B4b,359,Lillipup,Deluxe Pack Mega,common,1
B4b,360,Hisuian Zorua,Deluxe Pack Mega,common,1
B4b,361,Ducklett,Deluxe Pack Mega,common,1
B4b,362,Rookidee,Deluxe Pack Mega,common,1
B4b,363,Corvisquire,Deluxe Pack Mega,uncommon,1
B4b,364,Lucky Ice Pop,Deluxe Pack Mega,uncommon,1
B4b,365,Electric Generator,Deluxe Pack Mega,uncommon,1
B4b,366,Order Pad,Deluxe Pack Mega,uncommon,1
B4b,367,Quick-Grow Extract,Deluxe Pack Mega,uncommon,1
B4b,368,Field Blower,Deluxe Pack Mega,uncommon,1
B4b,369,Flame Patch,Deluxe Pack Mega,uncommon,1
B4b,370,Deceptive Needle,Deluxe Pack Mega,uncommon,1
B4b,371,Lucky Egg,Deluxe Pack Mega,uncommon,1
B4b,372,Small Balloon,Deluxe Pack Mega,uncommon,1
B4b,373,Ancient Booster Energy Capsule,Deluxe Pack Mega,uncommon,1
B4b,374,Future Booster Energy Capsule,Deluxe Pack Mega,uncommon,1
B4b,375,Protective Poncho,Deluxe Pack Mega,uncommon,1
B4b,376,Metal Core Barrier,Deluxe Pack Mega,uncommon,1
B4b,377,Elegant Cape,Deluxe Pack Mega,uncommon,1
B4b,378,Iris,Deluxe Pack Mega,uncommon,1
B4b,379,Juliana,Deluxe Pack Mega,uncommon,1
B4b,380,Diantha,Deluxe Pack Mega,uncommon,1
B4b,381,Calem,Deluxe Pack Mega,uncommon,1
B4b,382,Puppy-Loving Girl,Deluxe Pack Mega,uncommon,1
B4b,383,Korrina,Deluxe Pack Mega,uncommon,1
B4b,384,Clemont,Deluxe Pack Mega,uncommon,1
B4b,385,Serena,Deluxe Pack Mega,uncommon,1
B4b,386,May,Deluxe Pack Mega,uncommon,1
B4b,387,Skyla,Deluxe Pack Mega,uncommon,1
B4b,388,Arven,Deluxe Pack Mega,uncommon,1
B4b,389,Wallace,Deluxe Pack Mega,uncommon,1
B4b,390,Wally,Deluxe Pack Mega,uncommon,1
B4b,391,Copycat,Deluxe Pack Mega,uncommon,1
B4b,392,Lisia,Deluxe Pack Mega,uncommon,1
B4b,393,Fragrant Forest,Deluxe Pack Mega,uncommon,1
B4b,394,Arena of Antiquity,Deluxe Pack Mega,uncommon,1
B4b,395,Soothing Shore,Deluxe Pack Mega,uncommon,1
B4b,396,Bounded Field,Deluxe Pack Mega,uncommon,1
B4b,397,Mesagoza,Deluxe Pack Mega,uncommon,1
B4b,398,Training Area,Deluxe Pack Mega,uncommon,1
B4b,399,Rainbow Cave,Deluxe Pack Mega,uncommon,1
B4b,400,Hiking Trail,Deluxe Pack Mega,uncommon,1
B4b,401,Starting Plains,Deluxe Pack Mega,uncommon,1
B4b,402,Peculiar Plaza,Deluxe Pack Mega,uncommon,1
B4b,403,Charmeleon,Deluxe Pack Mega,illustration_rare,0
B4b,404,Baxcalibur,Deluxe Pack Mega,illustration_rare,0
B4b,405,Meloetta,Deluxe Pack Mega,illustration_rare,0
B4b,406,Fidough,Deluxe Pack Mega,illustration_rare,0
B4b,407,Dratini,Deluxe Pack Mega,illustration_rare,0
B4b,408,Eevee,Deluxe Pack Mega,illustration_rare,0
B4b,409,Mega Venusaur ex,Deluxe Pack Mega,special_art,0
B4b,410,Mega Sceptile ex,Deluxe Pack Mega,special_art,0
B4b,411,Mega Charizard X ex,Deluxe Pack Mega,special_art,0
B4b,412,Mega Charizard Y ex,Deluxe Pack Mega,special_art,0
B4b,413,Mega Blaziken ex,Deluxe Pack Mega,special_art,0
B4b,414,Mega Blastoise ex,Deluxe Pack Mega,special_art,0
B4b,415,Mega Gyarados ex,Deluxe Pack Mega,special_art,0
B4b,416,Mega Gardevoir ex,Deluxe Pack Mega,special_art,0
B4b,417,Mega Altaria ex,Deluxe Pack Mega,special_art,0
B4b,418,Mega Lucario ex,Deluxe Pack Mega,special_art,0
B4b,419,Mega Gengar ex,Deluxe Pack Mega,special_art,0
B4b,420,Mega Rayquaza ex,Deluxe Pack Mega,special_art,0
B4b,421,Iris,Deluxe Pack Mega,special_art,0
B4b,422,Elesa,Deluxe Pack Mega,special_art,0
B4b,423,Arven,Deluxe Pack Mega,special_art,0
B4b,424,Copycat,Deluxe Pack Mega,special_art,0
B4b,425,Mega Charizard X ex,Deluxe Pack Mega,immersive_rare,0
B4b,426,Dedenne ex,Deluxe Pack Mega,double_shiny_rare,0
B4b,427,Mega Diancie ex,Deluxe Pack Mega,double_shiny_rare,0
B4b,428,Miraidon ex,Deluxe Pack Mega,crown_rare,0
B4b,429,Koraidon ex,Deluxe Pack Mega,crown_rare,0
